{
    "@context": "https://schema.org/",
    "@type": "Dataset",
    "name": "Stroop Task",
    "schemaVersion": "Psych-DS 0.1.0",
    "author": "Lisa DeBruine",
    "description": "50 simulated subject in a stroop task viewing all combinations of word and ink colours blue, purple, green, red, and brown, 5 times each. Subjects respond with the ink colour. Subjects who do not respond in time have NA for response and rt.",
    "license": "CC-BY 4.0",
    "variableMeasured": [
        {
            "@type": "PropertyValue",
            "name": "sub_id",
            "description": "sub_id",
            "dataType": "string"
        },
        {
            "@type": "PropertyValue",
            "name": "word",
            "description": "word",
            "dataType": "string"
        },
        {
            "@type": "PropertyValue",
            "name": "ink",
            "description": "ink",
            "dataType": "string"
        },
        {
            "@type": "PropertyValue",
            "name": "response",
            "description": "response",
            "dataType": "string"
        },
        {
            "@type": "PropertyValue",
            "name": "rt",
            "description": "rt",
            "dataType": "float"
        }
    ]
}
