session_id,project_id,exp_id,user_id,user_sex,user_status,user_age,trial_name,trial_n,order,dv,rt,side,dt
39864,1,1,21,male,student,23.8,t9,9,1,1,3689,1,2020-07-14T15:17:06Z
39864,1,1,21,male,student,23.8,t7,7,2,1,1020,2,2020-07-14T15:17:07Z
39864,1,1,21,male,student,23.8,t2,2,3,0,339,1,2020-07-14T15:17:07Z
39864,1,1,21,male,student,23.8,t4,4,4,1,1157,2,2020-07-14T15:17:08Z
39864,1,1,21,male,student,23.8,t8,8,5,1,855,2,2020-07-14T15:17:09Z
39864,1,1,21,male,student,23.8,t1,1,6,1,815,1,2020-07-14T15:17:10Z
39864,1,1,21,male,student,23.8,t5,5,7,1,782,2,2020-07-14T15:17:11Z
39864,1,1,21,male,student,23.8,t6,6,8,1,847,2,2020-07-14T15:17:11Z
39864,1,1,21,male,student,23.8,t3,3,9,1,1052,2,2020-07-14T15:17:12Z
39864,1,1,21,male,student,23.8,t10,10,10,1,824,1,2020-07-14T15:17:13Z
39224,1,1,11981,female,guest,34.4,t6,6,1,1,3773,2,2020-06-26T17:45:11Z
39224,1,1,11981,female,guest,34.4,t4,4,2,1,1216,2,2020-06-26T17:45:12Z
39224,1,1,11981,female,guest,34.4,t7,7,3,1,1006,1,2020-06-26T17:45:13Z
39224,1,1,11981,female,guest,34.4,t3,3,4,1,924,2,2020-06-26T17:45:14Z
39224,1,1,11981,female,guest,34.4,t5,5,5,1,900,2,2020-06-26T17:45:15Z
39224,1,1,11981,female,guest,34.4,t1,1,6,0,753,1,2020-06-26T17:45:15Z
39224,1,1,11981,female,guest,34.4,t2,2,7,1,577,2,2020-06-26T17:45:16Z
39224,1,1,11981,female,guest,34.4,t9,9,8,1,946,1,2020-06-26T17:45:17Z
39224,1,1,11981,female,guest,34.4,t10,10,9,1,575,2,2020-06-26T17:45:17Z
39224,1,1,11981,female,guest,34.4,t8,8,10,1,444,1,2020-06-26T17:45:18Z
40472,1,1,15870,female,registered,20.1,t7,7,1,0,7539,1,2020-08-24T19:42:11Z
40472,1,1,15870,female,registered,20.1,t10,10,2,1,1708,1,2020-08-24T19:42:13Z
40472,1,1,15870,female,registered,20.1,t4,4,3,1,1382,2,2020-08-24T19:42:14Z
40472,1,1,15870,female,registered,20.1,t8,8,4,1,1316,2,2020-08-24T19:42:15Z
40472,1,1,15870,female,registered,20.1,t2,2,5,1,1810,2,2020-08-24T19:42:17Z
40472,1,1,15870,female,registered,20.1,t6,6,6,1,1431,2,2020-08-24T19:42:19Z
40472,1,1,15870,female,registered,20.1,t5,5,7,1,910,1,2020-08-24T19:42:19Z
40472,1,1,15870,female,registered,20.1,t3,3,8,1,962,2,2020-08-24T19:42:20Z
40472,1,1,15870,female,registered,20.1,t1,1,9,1,3460,2,2020-08-24T19:42:24Z
40472,1,1,15870,female,registered,20.1,t9,9,10,1,1039,1,2020-08-24T19:42:25Z
40097,1,1,16091,female,registered,20.5,t7,7,1,1,6482,2,2020-07-23T12:04:18Z
40097,1,1,16091,female,registered,20.5,t8,8,2,1,1879,2,2020-07-23T12:04:20Z
40097,1,1,16091,female,registered,20.5,t9,9,3,1,1406,1,2020-07-23T12:04:21Z
40097,1,1,16091,female,registered,20.5,t3,3,4,1,1530,1,2020-07-23T12:04:23Z
40097,1,1,16091,female,registered,20.5,t1,1,5,0,1649,1,2020-07-23T12:04:25Z
40097,1,1,16091,female,registered,20.5,t4,4,6,1,1510,2,2020-07-23T12:04:26Z
40097,1,1,16091,female,registered,20.5,t5,5,7,1,1082,1,2020-07-23T12:04:27Z
40097,1,1,16091,female,registered,20.5,t10,10,8,1,1168,1,2020-07-23T12:04:28Z
40097,1,1,16091,female,registered,20.5,t6,6,9,1,1432,1,2020-07-23T12:04:30Z
40097,1,1,16091,female,registered,20.5,t2,2,10,1,1440,1,2020-07-23T12:04:31Z
35184,1,1,16212,female,registered,23,t3,3,1,1,1275,1,2020-04-22T16:08:54Z
35184,1,1,16212,female,registered,23,t1,1,2,1,997,2,2020-04-22T16:08:55Z
35184,1,1,16212,female,registered,23,t8,8,3,1,1246,2,2020-04-22T16:08:57Z
35184,1,1,16212,female,registered,23,t4,4,4,1,751,2,2020-04-22T16:08:57Z
35184,1,1,16212,female,registered,23,t6,6,5,1,1077,1,2020-04-22T16:08:58Z
35184,1,1,16212,female,registered,23,t9,9,6,1,823,2,2020-04-22T16:08:59Z
35184,1,1,16212,female,registered,23,t2,2,7,1,847,2,2020-04-22T16:09:00Z
35184,1,1,16212,female,registered,23,t10,10,8,1,983,1,2020-04-22T16:09:01Z
35184,1,1,16212,female,registered,23,t7,7,9,1,695,2,2020-04-22T16:09:02Z
35184,1,1,16212,female,registered,23,t5,5,10,1,1046,1,2020-04-22T16:09:03Z
39511,1,1,21559,male,registered,23.9,t9,9,1,1,4005,2,2020-06-28T16:02:11Z
39511,1,1,21559,male,registered,23.9,t4,4,2,1,2908,2,2020-06-28T16:02:14Z
39511,1,1,21559,male,registered,23.9,t1,1,3,1,1491,2,2020-06-28T16:02:16Z
39511,1,1,21559,male,registered,23.9,t10,10,4,1,1405,2,2020-06-28T16:02:17Z
39511,1,1,21559,male,registered,23.9,t5,5,5,1,1523,1,2020-06-28T16:02:19Z
39511,1,1,21559,male,registered,23.9,t6,6,6,1,1654,1,2020-06-28T16:02:20Z
39511,1,1,21559,male,registered,23.9,t2,2,7,1,1226,1,2020-06-28T16:02:21Z
39511,1,1,21559,male,registered,23.9,t8,8,8,1,1457,1,2020-06-28T16:02:23Z
39511,1,1,21559,male,registered,23.9,t7,7,9,1,993,1,2020-06-28T16:02:24Z
39511,1,1,21559,male,registered,23.9,t3,3,10,1,1270,2,2020-06-28T16:02:25Z
39735,1,1,24796,female,registered,43,t3,3,1,1,1525,2,2020-07-06T22:27:10Z
39735,1,1,24796,female,registered,43,t5,5,2,1,1216,2,2020-07-06T22:27:11Z
39735,1,1,24796,female,registered,43,t6,6,3,1,1471,1,2020-07-06T22:27:13Z
39735,1,1,24796,female,registered,43,t7,7,4,1,1462,1,2020-07-06T22:27:14Z
39735,1,1,24796,female,registered,43,t4,4,5,1,1265,2,2020-07-06T22:27:16Z
39735,1,1,24796,female,registered,43,t9,9,6,1,1145,1,2020-07-06T22:27:17Z
39735,1,1,24796,female,registered,43,t8,8,7,1,1097,2,2020-07-06T22:27:18Z
39735,1,1,24796,female,registered,43,t2,2,8,1,1162,2,2020-07-06T22:27:19Z
39735,1,1,24796,female,registered,43,t10,10,9,1,1245,2,2020-07-06T22:27:20Z
39735,1,1,24796,female,registered,43,t1,1,10,1,1245,1,2020-07-06T22:27:22Z
34328,1,1,29188,female,registered,18.2,t8,8,1,0,4728,1,2020-03-20T08:15:48Z
34328,1,1,29188,female,registered,18.2,t1,1,2,1,1186,1,2020-03-20T08:15:49Z
34328,1,1,29188,female,registered,18.2,t5,5,3,1,990,2,2020-03-20T08:15:50Z
34328,1,1,29188,female,registered,18.2,t7,7,4,0,1223,1,2020-03-20T08:15:51Z
34328,1,1,29188,female,registered,18.2,t6,6,5,1,1007,2,2020-03-20T08:15:52Z
34328,1,1,29188,female,registered,18.2,t4,4,6,1,1103,1,2020-03-20T08:15:53Z
34328,1,1,29188,female,registered,18.2,t9,9,7,1,902,2,2020-03-20T08:15:54Z
34328,1,1,29188,female,registered,18.2,t3,3,8,1,2014,2,2020-03-20T08:15:56Z
34328,1,1,29188,female,registered,18.2,t2,2,9,1,1023,1,2020-03-20T08:15:57Z
34328,1,1,29188,female,registered,18.2,t10,10,10,1,975,1,2020-03-20T08:15:58Z
34030,1,1,31105,female,guest,28.2,t9,9,1,1,2524,1,2020-03-16T18:01:36Z
34030,1,1,31105,female,guest,28.2,t1,1,2,1,1669,2,2020-03-16T18:01:37Z
34030,1,1,31105,female,guest,28.2,t7,7,3,1,2269,1,2020-03-16T18:01:40Z
34030,1,1,31105,female,guest,28.2,t10,10,4,1,1600,2,2020-03-16T18:01:41Z
34030,1,1,31105,female,guest,28.2,t3,3,5,1,3767,1,2020-03-16T18:01:45Z
34030,1,1,31105,female,guest,28.2,t8,8,6,1,1950,2,2020-03-16T18:01:47Z
34030,1,1,31105,female,guest,28.2,t4,4,7,1,2693,2,2020-03-16T18:01:50Z
34030,1,1,31105,female,guest,28.2,t6,6,8,1,1487,1,2020-03-16T18:01:51Z
34030,1,1,31105,female,guest,28.2,t5,5,9,1,1319,1,2020-03-16T18:01:52Z
34030,1,1,31105,female,guest,28.2,t2,2,10,1,1111,2,2020-03-16T18:01:54Z
34033,1,1,31105,female,guest,28.2,t7,7,1,1,1642,2,2020-03-16T18:03:57Z
34033,1,1,31105,female,guest,28.2,t8,8,2,1,1113,2,2020-03-16T18:03:58Z
34033,1,1,31105,female,guest,28.2,t5,5,3,1,1483,1,2020-03-16T18:03:59Z
34033,1,1,31105,female,guest,28.2,t1,1,4,1,945,2,2020-03-16T18:04:00Z
34033,1,1,31105,female,guest,28.2,t3,3,5,1,836,2,2020-03-16T18:04:01Z
34033,1,1,31105,female,guest,28.2,t10,10,6,1,913,2,2020-03-16T18:04:02Z
34033,1,1,31105,female,guest,28.2,t9,9,7,1,844,2,2020-03-16T18:04:03Z
34033,1,1,31105,female,guest,28.2,t4,4,8,1,1628,2,2020-03-16T18:04:04Z
34033,1,1,31105,female,guest,28.2,t6,6,9,1,894,2,2020-03-16T18:04:05Z
34033,1,1,31105,female,guest,28.2,t2,2,10,1,1646,1,2020-03-16T18:04:07Z
34099,1,1,31164,male,registered,19.4,t6,6,1,0,4359,2,2020-03-17T17:59:40Z
34099,1,1,31164,male,registered,19.4,t9,9,2,1,1445,2,2020-03-17T17:59:42Z
34099,1,1,31164,male,registered,19.4,t4,4,3,1,1067,2,2020-03-17T17:59:43Z
34099,1,1,31164,male,registered,19.4,t8,8,4,1,912,1,2020-03-17T17:59:44Z
34099,1,1,31164,male,registered,19.4,t3,3,5,1,824,2,2020-03-17T17:59:45Z
34099,1,1,31164,male,registered,19.4,t2,2,6,1,850,2,2020-03-17T17:59:45Z
34099,1,1,31164,male,registered,19.4,t1,1,7,0,1332,1,2020-03-17T17:59:47Z
34099,1,1,31164,male,registered,19.4,t10,10,8,1,928,2,2020-03-17T17:59:48Z
34099,1,1,31164,male,registered,19.4,t7,7,9,1,869,2,2020-03-17T17:59:49Z
34099,1,1,31164,male,registered,19.4,t5,5,10,1,857,2,2020-03-17T17:59:49Z
34322,1,1,31392,female,guest,17,t1,1,1,1,3085,1,2020-03-20T07:31:04Z
34322,1,1,31392,female,guest,17,t6,6,2,1,1143,2,2020-03-20T07:31:05Z
34322,1,1,31392,female,guest,17,t7,7,3,1,830,2,2020-03-20T07:31:06Z
34322,1,1,31392,female,guest,17,t8,8,4,1,896,1,2020-03-20T07:31:07Z
34322,1,1,31392,female,guest,17,t9,9,5,1,962,1,2020-03-20T07:31:08Z
34322,1,1,31392,female,guest,17,t4,4,6,1,1048,1,2020-03-20T07:31:09Z
34322,1,1,31392,female,guest,17,t5,5,7,1,795,1,2020-03-20T07:31:10Z
34322,1,1,31392,female,guest,17,t3,3,8,1,866,2,2020-03-20T07:31:11Z
34322,1,1,31392,female,guest,17,t2,2,9,1,864,1,2020-03-20T07:31:12Z
34322,1,1,31392,female,guest,17,t10,10,10,1,1013,2,2020-03-20T07:31:13Z
34340,1,1,31397,male,guest,22,t7,7,1,0,3006,2,2020-03-20T09:23:30Z
34340,1,1,31397,male,guest,22,t1,1,2,1,4408,1,2020-03-20T09:23:35Z
34340,1,1,31397,male,guest,22,t8,8,3,1,2927,2,2020-03-20T09:23:37Z
34340,1,1,31397,male,guest,22,t6,6,4,1,2020,1,2020-03-20T09:23:39Z
34340,1,1,31397,male,guest,22,t2,2,5,1,2062,2,2020-03-20T09:23:41Z
34340,1,1,31397,male,guest,22,t5,5,6,1,1527,1,2020-03-20T09:23:43Z
34340,1,1,31397,male,guest,22,t3,3,7,1,1201,1,2020-03-20T09:23:44Z
34340,1,1,31397,male,guest,22,t9,9,8,1,1390,2,2020-03-20T09:23:46Z
34340,1,1,31397,male,guest,22,t10,10,9,1,1294,1,2020-03-20T09:23:47Z
34340,1,1,31397,male,guest,22,t4,4,10,1,1311,1,2020-03-20T09:23:48Z
34348,1,1,31402,male,guest,21,t5,5,1,1,2286,1,2020-03-20T10:25:02Z
34348,1,1,31402,male,guest,21,t1,1,2,0,2147,1,2020-03-20T10:25:04Z
34348,1,1,31402,male,guest,21,t8,8,3,1,1293,1,2020-03-20T10:25:06Z
34348,1,1,31402,male,guest,21,t2,2,4,1,855,1,2020-03-20T10:25:07Z
34348,1,1,31402,male,guest,21,t4,4,5,1,1814,1,2020-03-20T10:25:08Z
34348,1,1,31402,male,guest,21,t9,9,6,1,900,1,2020-03-20T10:25:09Z
34348,1,1,31402,male,guest,21,t3,3,7,1,856,2,2020-03-20T10:25:10Z
34348,1,1,31402,male,guest,21,t7,7,8,1,927,1,2020-03-20T10:25:11Z
34348,1,1,31402,male,guest,21,t10,10,9,1,748,2,2020-03-20T10:25:12Z
34348,1,1,31402,male,guest,21,t6,6,10,1,952,2,2020-03-20T10:25:13Z
34352,1,1,31407,female,guest,20,t7,7,1,1,8113,1,2020-03-20T10:58:43Z
34352,1,1,31407,female,guest,20,t4,4,2,1,3600,1,2020-03-20T10:58:46Z
34352,1,1,31407,female,guest,20,t6,6,3,1,3890,2,2020-03-20T10:58:50Z
34352,1,1,31407,female,guest,20,t5,5,4,1,6290,2,2020-03-20T10:58:56Z
34352,1,1,31407,female,guest,20,t1,1,5,1,1284,2,2020-03-20T10:58:58Z
34352,1,1,31407,female,guest,20,t2,2,6,1,1024,1,2020-03-20T10:58:59Z
34352,1,1,31407,female,guest,20,t3,3,7,1,1286,2,2020-03-20T10:59:00Z
34352,1,1,31407,female,guest,20,t8,8,8,1,1818,1,2020-03-20T10:59:02Z
34352,1,1,31407,female,guest,20,t10,10,9,1,1300,1,2020-03-20T10:59:03Z
34352,1,1,31407,female,guest,20,t9,9,10,1,864,2,2020-03-20T10:59:04Z
34355,1,1,31410,female,guest,21,t9,9,1,1,1334,1,2020-03-20T12:10:23Z
34355,1,1,31410,female,guest,21,t5,5,2,1,1190,2,2020-03-20T12:10:24Z
34355,1,1,31410,female,guest,21,t4,4,3,1,1180,1,2020-03-20T12:10:26Z
34355,1,1,31410,female,guest,21,t2,2,4,1,1000,1,2020-03-20T12:10:27Z
34355,1,1,31410,female,guest,21,t8,8,5,1,1849,1,2020-03-20T12:10:28Z
34355,1,1,31410,female,guest,21,t3,3,6,1,1587,2,2020-03-20T12:10:30Z
34355,1,1,31410,female,guest,21,t6,6,7,1,1082,2,2020-03-20T12:10:31Z
34355,1,1,31410,female,guest,21,t7,7,8,1,1825,1,2020-03-20T12:10:33Z
34355,1,1,31410,female,guest,21,t1,1,9,1,1532,2,2020-03-20T12:10:34Z
34355,1,1,31410,female,guest,21,t10,10,10,1,848,2,2020-03-20T12:10:35Z
34699,1,1,31459,male,registered,20.7,t1,1,1,0,3606,2,2020-03-27T11:55:05Z
34699,1,1,31459,male,registered,20.7,t8,8,2,1,1746,2,2020-03-27T11:55:07Z
34699,1,1,31459,male,registered,20.7,t2,2,3,1,1133,2,2020-03-27T11:55:08Z
34699,1,1,31459,male,registered,20.7,t7,7,4,1,1548,1,2020-03-27T11:55:09Z
34699,1,1,31459,male,registered,20.7,t9,9,5,1,1429,1,2020-03-27T11:55:11Z
34699,1,1,31459,male,registered,20.7,t6,6,6,1,1641,1,2020-03-27T11:55:12Z
34699,1,1,31459,male,registered,20.7,t4,4,7,1,1717,1,2020-03-27T11:55:14Z
34699,1,1,31459,male,registered,20.7,t5,5,8,1,994,2,2020-03-27T11:55:15Z
34699,1,1,31459,male,registered,20.7,t10,10,9,1,1460,1,2020-03-27T11:55:16Z
34699,1,1,31459,male,registered,20.7,t3,3,10,1,1084,1,2020-03-27T11:55:18Z
34701,1,1,31473,female,registered,19.4,t3,3,1,1,2957,2,2020-03-27T13:21:49Z
34701,1,1,31473,female,registered,19.4,t10,10,2,1,1327,1,2020-03-27T13:21:50Z
34701,1,1,31473,female,registered,19.4,t7,7,3,1,1129,2,2020-03-27T13:21:51Z
34701,1,1,31473,female,registered,19.4,t2,2,4,1,947,2,2020-03-27T13:21:52Z
34701,1,1,31473,female,registered,19.4,t6,6,5,1,1474,2,2020-03-27T13:21:53Z
34701,1,1,31473,female,registered,19.4,t4,4,6,1,1206,2,2020-03-27T13:21:55Z
34701,1,1,31473,female,registered,19.4,t1,1,7,1,2814,1,2020-03-27T13:21:57Z
34701,1,1,31473,female,registered,19.4,t8,8,8,1,1141,1,2020-03-27T13:21:59Z
34701,1,1,31473,female,registered,19.4,t5,5,9,1,821,2,2020-03-27T13:21:59Z
34701,1,1,31473,female,registered,19.4,t9,9,10,1,897,1,2020-03-27T13:22:00Z
34473,1,1,31524,NA,guest,NA,t8,8,1,0,1039,2,2020-03-23T21:48:00Z
34473,1,1,31524,NA,guest,NA,t2,2,2,1,806,2,2020-03-23T21:48:01Z
34473,1,1,31524,NA,guest,NA,t1,1,3,1,631,2,2020-03-23T21:48:02Z
34473,1,1,31524,NA,guest,NA,t9,9,4,1,182,2,2020-03-23T21:48:02Z
34473,1,1,31524,NA,guest,NA,t4,4,5,1,181,2,2020-03-23T21:48:02Z
34473,1,1,31524,NA,guest,NA,t5,5,6,0,167,1,2020-03-23T21:48:02Z
34473,1,1,31524,NA,guest,NA,t7,7,7,0,158,1,2020-03-23T21:48:03Z
34473,1,1,31524,NA,guest,NA,t3,3,8,0,173,1,2020-03-23T21:48:03Z
34473,1,1,31524,NA,guest,NA,t10,10,9,0,167,1,2020-03-23T21:48:03Z
34473,1,1,31524,NA,guest,NA,t6,6,10,0,174,1,2020-03-23T21:48:03Z
36766,1,1,31783,male,registered,56.2,t3,3,1,1,1696,2,2020-05-20T14:31:01Z
36766,1,1,31783,male,registered,56.2,t8,8,2,1,1124,2,2020-05-20T14:31:02Z
36766,1,1,31783,male,registered,56.2,t2,2,3,1,1095,1,2020-05-20T14:31:03Z
36766,1,1,31783,male,registered,56.2,t5,5,4,1,809,2,2020-05-20T14:31:04Z
36766,1,1,31783,male,registered,56.2,t10,10,5,1,730,2,2020-05-20T14:31:05Z
36766,1,1,31783,male,registered,56.2,t9,9,6,1,759,2,2020-05-20T14:31:05Z
36766,1,1,31783,male,registered,56.2,t4,4,7,1,1163,1,2020-05-20T14:31:06Z
36766,1,1,31783,male,registered,56.2,t1,1,8,1,955,2,2020-05-20T14:31:07Z
36766,1,1,31783,male,registered,56.2,t7,7,9,1,1327,2,2020-05-20T14:31:09Z
36766,1,1,31783,male,registered,56.2,t6,6,10,1,1000,1,2020-05-20T14:31:10Z
36307,1,1,31784,female,super,37.9,t7,7,1,1,3221,2,2020-05-14T14:45:06Z
36307,1,1,31784,female,super,37.9,t10,10,2,1,1775,2,2020-05-14T14:45:08Z
36307,1,1,31784,female,super,37.9,t5,5,3,1,1570,1,2020-05-14T14:45:10Z
36307,1,1,31784,female,super,37.9,t2,2,4,1,1406,2,2020-05-14T14:45:11Z
36307,1,1,31784,female,super,37.9,t9,9,5,1,1752,2,2020-05-14T14:45:13Z
36307,1,1,31784,female,super,37.9,t8,8,6,1,1524,1,2020-05-14T14:45:14Z
36307,1,1,31784,female,super,37.9,t4,4,7,1,1322,1,2020-05-14T14:45:16Z
36307,1,1,31784,female,super,37.9,t6,6,8,1,1355,2,2020-05-14T14:45:17Z
36307,1,1,31784,female,super,37.9,t1,1,9,1,2089,1,2020-05-14T14:45:19Z
36307,1,1,31784,female,super,37.9,t3,3,10,1,1325,1,2020-05-14T14:45:20Z
36309,1,1,31784,female,super,37.9,t5,5,1,1,1979,2,2020-05-14T14:47:18Z
34793,1,1,31796,female,guest,35.9,t5,5,1,1,2884,2,2020-04-03T16:54:38Z
34793,1,1,31796,female,guest,35.9,t2,2,2,1,1793,2,2020-04-03T16:54:40Z
34793,1,1,31796,female,guest,35.9,t10,10,3,1,1487,2,2020-04-03T16:54:42Z
34793,1,1,31796,female,guest,35.9,t3,3,4,1,1190,1,2020-04-03T16:54:43Z
34793,1,1,31796,female,guest,35.9,t4,4,5,1,1254,1,2020-04-03T16:54:44Z
34793,1,1,31796,female,guest,35.9,t6,6,6,1,1413,1,2020-04-03T16:54:45Z
34793,1,1,31796,female,guest,35.9,t7,7,7,1,3228,1,2020-04-03T16:54:49Z
34793,1,1,31796,female,guest,35.9,t8,8,8,1,2440,2,2020-04-03T16:54:51Z
34793,1,1,31796,female,guest,35.9,t9,9,9,1,1820,2,2020-04-03T16:54:53Z
34793,1,1,31796,female,guest,35.9,t1,1,10,1,3188,2,2020-04-03T16:54:56Z
34799,1,1,31797,female,guest,35,t1,1,1,1,3413,1,2020-04-03T17:16:25Z
34799,1,1,31797,female,guest,35,t7,7,2,1,2154,1,2020-04-03T17:16:27Z
34799,1,1,31797,female,guest,35,t4,4,3,1,1131,1,2020-04-03T17:16:28Z
34799,1,1,31797,female,guest,35,t6,6,4,1,2994,1,2020-04-03T17:16:31Z
34799,1,1,31797,female,guest,35,t9,9,5,1,1149,1,2020-04-03T17:16:32Z
34799,1,1,31797,female,guest,35,t3,3,6,1,1254,2,2020-04-03T17:16:33Z
34799,1,1,31797,female,guest,35,t5,5,7,1,880,1,2020-04-03T17:16:34Z
34799,1,1,31797,female,guest,35,t2,2,8,1,1421,2,2020-04-03T17:16:36Z
34799,1,1,31797,female,guest,35,t10,10,9,1,1205,1,2020-04-03T17:16:37Z
34799,1,1,31797,female,guest,35,t8,8,10,1,2177,2,2020-04-03T17:16:39Z
34801,1,1,31798,female,guest,35,t2,2,1,1,1517,2,2020-04-03T17:33:02Z
34801,1,1,31798,female,guest,35,t7,7,2,1,716,1,2020-04-03T17:33:03Z
34801,1,1,31798,female,guest,35,t1,1,3,1,3912,2,2020-04-03T17:33:07Z
34801,1,1,31798,female,guest,35,t5,5,4,1,1977,2,2020-04-03T17:33:09Z
34801,1,1,31798,female,guest,35,t9,9,5,1,1136,1,2020-04-03T17:33:10Z
34801,1,1,31798,female,guest,35,t10,10,6,1,1048,1,2020-04-03T17:33:11Z
34801,1,1,31798,female,guest,35,t3,3,7,1,760,2,2020-04-03T17:33:12Z
34801,1,1,31798,female,guest,35,t8,8,8,1,940,1,2020-04-03T17:33:13Z
34801,1,1,31798,female,guest,35,t6,6,9,1,1288,1,2020-04-03T17:33:14Z
34801,1,1,31798,female,guest,35,t4,4,10,1,2442,1,2020-04-03T17:33:17Z
34809,1,1,31800,female,guest,47,t10,10,1,1,4687,1,2020-04-03T18:30:57Z
34809,1,1,31800,female,guest,47,t6,6,2,1,2441,1,2020-04-03T18:30:59Z
34809,1,1,31800,female,guest,47,t1,1,3,1,1478,1,2020-04-03T18:31:01Z
34809,1,1,31800,female,guest,47,t4,4,4,1,1480,2,2020-04-03T18:31:02Z
34809,1,1,31800,female,guest,47,t5,5,5,1,878,1,2020-04-03T18:31:03Z
34809,1,1,31800,female,guest,47,t8,8,6,1,1050,1,2020-04-03T18:31:04Z
34809,1,1,31800,female,guest,47,t3,3,7,1,1379,2,2020-04-03T18:31:06Z
34809,1,1,31800,female,guest,47,t9,9,8,1,1314,1,2020-04-03T18:31:07Z
34809,1,1,31800,female,guest,47,t7,7,9,1,1609,1,2020-04-03T18:31:09Z
34809,1,1,31800,female,guest,47,t2,2,10,1,1017,1,2020-04-03T18:31:10Z
34811,1,1,31801,male,registered,35,t9,9,1,1,1441,2,2020-04-03T19:20:06Z
34811,1,1,31801,male,registered,35,t6,6,2,1,1033,2,2020-04-03T19:20:07Z
34811,1,1,31801,male,registered,35,t2,2,3,1,1048,2,2020-04-03T19:20:08Z
34811,1,1,31801,male,registered,35,t10,10,4,1,1074,2,2020-04-03T19:20:09Z
34811,1,1,31801,male,registered,35,t8,8,5,1,982,1,2020-04-03T19:20:10Z
34811,1,1,31801,male,registered,35,t1,1,6,1,1158,1,2020-04-03T19:20:11Z
34811,1,1,31801,male,registered,35,t4,4,7,1,897,2,2020-04-03T19:20:12Z
34811,1,1,31801,male,registered,35,t5,5,8,1,740,1,2020-04-03T19:20:13Z
34811,1,1,31801,male,registered,35,t7,7,9,1,938,1,2020-04-03T19:20:14Z
34811,1,1,31801,male,registered,35,t3,3,10,1,790,2,2020-04-03T19:20:14Z
34818,1,1,31802,female,guest,58,t8,8,1,0,10262,2,2020-04-03T19:36:48Z
34818,1,1,31802,female,guest,58,t2,2,2,1,2391,1,2020-04-03T19:36:50Z
34818,1,1,31802,female,guest,58,t6,6,3,1,2011,2,2020-04-03T19:36:52Z
34818,1,1,31802,female,guest,58,t1,1,4,1,1598,2,2020-04-03T19:36:54Z
34818,1,1,31802,female,guest,58,t10,10,5,1,1200,1,2020-04-03T19:36:55Z
34818,1,1,31802,female,guest,58,t4,4,6,1,981,1,2020-04-03T19:36:56Z
34818,1,1,31802,female,guest,58,t5,5,7,1,1003,1,2020-04-03T19:36:57Z
34818,1,1,31802,female,guest,58,t7,7,8,1,1262,2,2020-04-03T19:36:58Z
34818,1,1,31802,female,guest,58,t9,9,9,1,1199,1,2020-04-03T19:37:00Z
34818,1,1,31802,female,guest,58,t3,3,10,1,1422,2,2020-04-03T19:37:01Z
34819,1,1,31802,female,guest,58,t8,8,1,1,2777,1,2020-04-03T19:37:57Z
34819,1,1,31802,female,guest,58,t3,3,2,1,1475,2,2020-04-03T19:37:58Z
34819,1,1,31802,female,guest,58,t6,6,3,1,1037,2,2020-04-03T19:37:59Z
34819,1,1,31802,female,guest,58,t4,4,4,1,920,2,2020-04-03T19:38:00Z
34819,1,1,31802,female,guest,58,t2,2,5,1,876,1,2020-04-03T19:38:01Z
34819,1,1,31802,female,guest,58,t10,10,6,1,939,1,2020-04-03T19:38:02Z
34819,1,1,31802,female,guest,58,t9,9,7,1,1039,1,2020-04-03T19:38:03Z
34819,1,1,31802,female,guest,58,t1,1,8,1,856,2,2020-04-03T19:38:04Z
34819,1,1,31802,female,guest,58,t5,5,9,1,808,1,2020-04-03T19:38:05Z
34819,1,1,31802,female,guest,58,t7,7,10,1,959,2,2020-04-03T19:38:06Z
34860,1,1,31820,male,guest,20,t10,10,1,1,1118,1,2020-04-07T19:02:40Z
34860,1,1,31820,male,guest,20,t9,9,2,1,865,2,2020-04-07T19:02:41Z
34860,1,1,31820,male,guest,20,t4,4,3,1,1158,2,2020-04-07T19:02:42Z
34860,1,1,31820,male,guest,20,t7,7,4,1,1273,2,2020-04-07T19:02:43Z
34860,1,1,31820,male,guest,20,t1,1,5,0,11115,1,2020-04-07T19:02:55Z
34860,1,1,31820,male,guest,20,t5,5,6,1,916,2,2020-04-07T19:02:56Z
34860,1,1,31820,male,guest,20,t6,6,7,1,1989,2,2020-04-07T19:02:58Z
34860,1,1,31820,male,guest,20,t8,8,8,1,1784,2,2020-04-07T19:02:59Z
34860,1,1,31820,male,guest,20,t2,2,9,1,1084,1,2020-04-07T19:03:00Z
34860,1,1,31820,male,guest,20,t3,3,10,1,867,2,2020-04-07T19:03:01Z
34942,1,1,31867,male,guest,6,t5,5,1,1,1631,1,2020-04-10T09:43:01Z
34942,1,1,31867,male,guest,6,t9,9,2,1,523,2,2020-04-10T09:43:01Z
34942,1,1,31867,male,guest,6,t8,8,3,1,212,2,2020-04-10T09:43:01Z
34942,1,1,31867,male,guest,6,t1,1,4,0,181,1,2020-04-10T09:43:02Z
34942,1,1,31867,male,guest,6,t7,7,5,1,181,2,2020-04-10T09:43:02Z
34942,1,1,31867,male,guest,6,t2,2,6,0,174,1,2020-04-10T09:43:02Z
34942,1,1,31867,male,guest,6,t3,3,7,0,189,1,2020-04-10T09:43:02Z
34942,1,1,31867,male,guest,6,t10,10,8,0,190,1,2020-04-10T09:43:02Z
34942,1,1,31867,male,guest,6,t4,4,9,1,181,2,2020-04-10T09:43:03Z
34942,1,1,31867,male,guest,6,t6,6,10,1,190,2,2020-04-10T09:43:03Z
35018,1,1,31921,female,student,39.2,t3,3,1,1,2049,2,2020-04-16T08:58:30Z
35018,1,1,31921,female,student,39.2,t9,9,2,1,1522,2,2020-04-16T08:58:32Z
35018,1,1,31921,female,student,39.2,t7,7,3,1,1785,1,2020-04-16T08:58:33Z
35018,1,1,31921,female,student,39.2,t8,8,4,1,2261,1,2020-04-16T08:58:36Z
35018,1,1,31921,female,student,39.2,t6,6,5,1,3561,2,2020-04-16T08:58:39Z
35018,1,1,31921,female,student,39.2,t4,4,6,0,2326,1,2020-04-16T08:58:42Z
35018,1,1,31921,female,student,39.2,t5,5,7,1,839,2,2020-04-16T08:58:42Z
35018,1,1,31921,female,student,39.2,t10,10,8,1,1606,1,2020-04-16T08:58:44Z
35018,1,1,31921,female,student,39.2,t1,1,9,1,1315,1,2020-04-16T08:58:45Z
35018,1,1,31921,female,student,39.2,t2,2,10,1,3059,2,2020-04-16T08:58:48Z
38575,1,1,31921,female,student,39.3,t3,3,1,1,1357,1,2020-06-17T14:17:16Z
38575,1,1,31921,female,student,39.3,t2,2,2,1,1368,2,2020-06-17T14:17:17Z
38575,1,1,31921,female,student,39.3,t1,1,3,1,989,2,2020-06-17T14:17:18Z
38575,1,1,31921,female,student,39.3,t8,8,4,1,1400,1,2020-06-17T14:17:20Z
38575,1,1,31921,female,student,39.3,t6,6,5,1,1061,2,2020-06-17T14:17:21Z
38575,1,1,31921,female,student,39.3,t9,9,6,1,855,2,2020-06-17T14:17:22Z
38575,1,1,31921,female,student,39.3,t5,5,7,1,1054,2,2020-06-17T14:17:23Z
38575,1,1,31921,female,student,39.3,t10,10,8,1,1696,2,2020-06-17T14:17:24Z
38575,1,1,31921,female,student,39.3,t4,4,9,1,1360,1,2020-06-17T14:17:26Z
38575,1,1,31921,female,student,39.3,t7,7,10,1,1200,2,2020-06-17T14:17:27Z
35052,1,1,31938,female,guest,26,t7,7,1,0,2918,1,2020-04-18T15:56:09Z
35052,1,1,31938,female,guest,26,t6,6,2,1,1638,1,2020-04-18T15:56:10Z
35052,1,1,31938,female,guest,26,t8,8,3,0,1831,1,2020-04-18T15:56:12Z
35052,1,1,31938,female,guest,26,t3,3,4,1,1189,1,2020-04-18T15:56:13Z
35052,1,1,31938,female,guest,26,t4,4,5,1,1845,1,2020-04-18T15:56:15Z
35052,1,1,31938,female,guest,26,t1,1,6,1,1308,2,2020-04-18T15:56:16Z
35052,1,1,31938,female,guest,26,t2,2,7,1,1348,2,2020-04-18T15:56:18Z
35052,1,1,31938,female,guest,26,t10,10,8,1,1085,1,2020-04-18T15:56:19Z
35052,1,1,31938,female,guest,26,t5,5,9,1,1306,2,2020-04-18T15:56:20Z
35052,1,1,31938,female,guest,26,t9,9,10,1,1739,1,2020-04-18T15:56:22Z
35123,1,1,31969,female,registered,18.6,t4,4,1,1,3654,2,2020-04-22T14:45:55Z
35123,1,1,31969,female,registered,18.6,t8,8,2,1,2096,1,2020-04-22T14:45:57Z
35123,1,1,31969,female,registered,18.6,t5,5,3,1,1380,1,2020-04-22T14:45:58Z
35123,1,1,31969,female,registered,18.6,t10,10,4,1,1050,2,2020-04-22T14:45:59Z
35123,1,1,31969,female,registered,18.6,t9,9,5,1,2212,1,2020-04-22T14:46:01Z
35123,1,1,31969,female,registered,18.6,t2,2,6,1,1071,2,2020-04-22T14:46:02Z
35123,1,1,31969,female,registered,18.6,t6,6,7,1,1137,2,2020-04-22T14:46:04Z
35123,1,1,31969,female,registered,18.6,t7,7,8,1,1119,2,2020-04-22T14:46:05Z
35123,1,1,31969,female,registered,18.6,t3,3,9,1,3069,1,2020-04-22T14:46:08Z
35123,1,1,31969,female,registered,18.6,t1,1,10,1,1639,1,2020-04-22T14:46:09Z
35140,1,1,31982,female,registered,50,t5,5,1,1,2361,2,2020-04-22T15:12:36Z
35140,1,1,31982,female,registered,50,t4,4,2,1,1659,1,2020-04-22T15:12:38Z
35140,1,1,31982,female,registered,50,t3,3,3,1,1613,1,2020-04-22T15:12:39Z
35140,1,1,31982,female,registered,50,t2,2,4,1,1272,1,2020-04-22T15:12:41Z
35140,1,1,31982,female,registered,50,t10,10,5,1,1083,1,2020-04-22T15:12:42Z
35140,1,1,31982,female,registered,50,t6,6,6,1,1537,2,2020-04-22T15:12:43Z
35140,1,1,31982,female,registered,50,t9,9,7,1,1186,2,2020-04-22T15:12:45Z
35140,1,1,31982,female,registered,50,t7,7,8,1,1296,2,2020-04-22T15:12:46Z
35140,1,1,31982,female,registered,50,t1,1,9,1,1326,2,2020-04-22T15:12:47Z
35140,1,1,31982,female,registered,50,t8,8,10,1,1560,2,2020-04-22T15:12:49Z
35146,1,1,31982,female,registered,50,t10,10,1,1,1901,1,2020-04-22T15:14:46Z
35146,1,1,31982,female,registered,50,t1,1,2,1,1301,1,2020-04-22T15:14:47Z
35146,1,1,31982,female,registered,50,t4,4,3,1,1105,1,2020-04-22T15:14:48Z
35146,1,1,31982,female,registered,50,t2,2,4,1,1092,1,2020-04-22T15:14:49Z
35146,1,1,31982,female,registered,50,t5,5,5,1,1272,2,2020-04-22T15:14:50Z
35146,1,1,31982,female,registered,50,t9,9,6,1,1600,1,2020-04-22T15:14:52Z
35146,1,1,31982,female,registered,50,t6,6,7,1,1294,1,2020-04-22T15:14:53Z
35146,1,1,31982,female,registered,50,t7,7,8,1,1124,2,2020-04-22T15:14:54Z
35146,1,1,31982,female,registered,50,t8,8,9,1,1138,2,2020-04-22T15:14:55Z
35146,1,1,31982,female,registered,50,t3,3,10,1,998,2,2020-04-22T15:14:56Z
35153,1,1,31989,male,registered,21.5,t4,4,1,1,5989,1,2020-04-22T15:21:18Z
35153,1,1,31989,male,registered,21.5,t10,10,2,1,1961,1,2020-04-22T15:21:20Z
35153,1,1,31989,male,registered,21.5,t8,8,3,1,2728,1,2020-04-22T15:21:23Z
35153,1,1,31989,male,registered,21.5,t6,6,4,1,1942,2,2020-04-22T15:21:25Z
35153,1,1,31989,male,registered,21.5,t9,9,5,1,1490,2,2020-04-22T15:21:26Z
35153,1,1,31989,male,registered,21.5,t5,5,6,1,1788,2,2020-04-22T15:21:28Z
35153,1,1,31989,male,registered,21.5,t3,3,7,1,1188,1,2020-04-22T15:21:29Z
35153,1,1,31989,male,registered,21.5,t1,1,8,1,1398,1,2020-04-22T15:21:31Z
35153,1,1,31989,male,registered,21.5,t7,7,9,1,1608,2,2020-04-22T15:21:32Z
35153,1,1,31989,male,registered,21.5,t2,2,10,1,1417,2,2020-04-22T15:21:34Z
35220,1,1,31990,female,registered,26.5,t10,10,1,1,1318,1,2020-04-22T20:21:46Z
35220,1,1,31990,female,registered,26.5,t7,7,2,1,1319,2,2020-04-22T20:21:47Z
35220,1,1,31990,female,registered,26.5,t1,1,3,1,792,2,2020-04-22T20:21:48Z
35220,1,1,31990,female,registered,26.5,t6,6,4,1,965,1,2020-04-22T20:21:49Z
35220,1,1,31990,female,registered,26.5,t8,8,5,1,1089,1,2020-04-22T20:21:50Z
35220,1,1,31990,female,registered,26.5,t4,4,6,1,1809,1,2020-04-22T20:21:52Z
35220,1,1,31990,female,registered,26.5,t9,9,7,1,1051,2,2020-04-22T20:21:53Z
35220,1,1,31990,female,registered,26.5,t2,2,8,1,866,1,2020-04-22T20:21:54Z
35220,1,1,31990,female,registered,26.5,t5,5,9,1,953,2,2020-04-22T20:21:55Z
35220,1,1,31990,female,registered,26.5,t3,3,10,1,816,2,2020-04-22T20:21:56Z
35349,1,1,32012,female,registered,28,t1,1,1,1,5507,1,2020-04-26T12:05:14Z
35349,1,1,32012,female,registered,28,t2,2,2,1,4013,1,2020-04-26T12:05:18Z
35349,1,1,32012,female,registered,28,t7,7,3,1,2141,1,2020-04-26T12:05:20Z
35349,1,1,32012,female,registered,28,t5,5,4,1,1477,1,2020-04-26T12:05:22Z
35349,1,1,32012,female,registered,28,t4,4,5,1,1714,2,2020-04-26T12:05:23Z
35349,1,1,32012,female,registered,28,t3,3,6,1,976,1,2020-04-26T12:05:24Z
35349,1,1,32012,female,registered,28,t6,6,7,1,951,1,2020-04-26T12:05:25Z
35349,1,1,32012,female,registered,28,t10,10,8,1,1074,2,2020-04-26T12:05:26Z
35349,1,1,32012,female,registered,28,t9,9,9,1,779,1,2020-04-26T12:05:27Z
35349,1,1,32012,female,registered,28,t8,8,10,1,1230,1,2020-04-26T12:05:28Z
40148,1,1,32017,female,registered,47.3,t3,3,1,1,1465,2,2020-07-24T18:39:44Z
40148,1,1,32017,female,registered,47.3,t6,6,2,1,1785,1,2020-07-24T18:39:45Z
40148,1,1,32017,female,registered,47.3,t8,8,3,1,3558,2,2020-07-24T18:39:49Z
40148,1,1,32017,female,registered,47.3,t5,5,4,1,1145,2,2020-07-24T18:39:50Z
40148,1,1,32017,female,registered,47.3,t2,2,5,1,1292,2,2020-07-24T18:39:51Z
40148,1,1,32017,female,registered,47.3,t1,1,6,1,1137,2,2020-07-24T18:39:52Z
40148,1,1,32017,female,registered,47.3,t7,7,7,1,1354,2,2020-07-24T18:39:54Z
40148,1,1,32017,female,registered,47.3,t9,9,8,1,2937,2,2020-07-24T18:39:57Z
40148,1,1,32017,female,registered,47.3,t10,10,9,1,5467,2,2020-07-24T18:40:02Z
40148,1,1,32017,female,registered,47.3,t4,4,10,1,1902,2,2020-07-24T18:40:04Z
35234,1,1,32032,male,registered,28.5,t4,4,1,1,2764,1,2020-04-23T01:46:19Z
35234,1,1,32032,male,registered,28.5,t9,9,2,1,1924,2,2020-04-23T01:46:20Z
35234,1,1,32032,male,registered,28.5,t10,10,3,1,1351,1,2020-04-23T01:46:22Z
35234,1,1,32032,male,registered,28.5,t3,3,4,1,1456,1,2020-04-23T01:46:23Z
35234,1,1,32032,male,registered,28.5,t6,6,5,1,1550,2,2020-04-23T01:46:25Z
35234,1,1,32032,male,registered,28.5,t8,8,6,1,2175,2,2020-04-23T01:46:27Z
35234,1,1,32032,male,registered,28.5,t7,7,7,1,1909,1,2020-04-23T01:46:29Z
35234,1,1,32032,male,registered,28.5,t5,5,8,1,1321,1,2020-04-23T01:46:30Z
35234,1,1,32032,male,registered,28.5,t1,1,9,1,2341,1,2020-04-23T01:46:32Z
35234,1,1,32032,male,registered,28.5,t2,2,10,1,1573,2,2020-04-23T01:46:34Z
35242,1,1,32036,female,registered,24.8,t5,5,1,1,3156,2,2020-04-23T10:31:11Z
35242,1,1,32036,female,registered,24.8,t8,8,2,1,1189,1,2020-04-23T10:31:12Z
35242,1,1,32036,female,registered,24.8,t10,10,3,1,1017,1,2020-04-23T10:31:13Z
35242,1,1,32036,female,registered,24.8,t1,1,4,0,3246,2,2020-04-23T10:31:16Z
35242,1,1,32036,female,registered,24.8,t6,6,5,1,2652,1,2020-04-23T10:31:19Z
35242,1,1,32036,female,registered,24.8,t2,2,6,1,1007,2,2020-04-23T10:31:20Z
35242,1,1,32036,female,registered,24.8,t9,9,7,1,1217,2,2020-04-23T10:31:21Z
35242,1,1,32036,female,registered,24.8,t4,4,8,1,1175,1,2020-04-23T10:31:23Z
35242,1,1,32036,female,registered,24.8,t3,3,9,1,1326,1,2020-04-23T10:31:24Z
35242,1,1,32036,female,registered,24.8,t7,7,10,1,860,1,2020-04-23T10:31:25Z
35310,1,1,32064,female,registered,34.1,t2,2,1,1,1935,2,2020-04-24T17:45:47Z
35310,1,1,32064,female,registered,34.1,t1,1,2,1,3543,1,2020-04-24T17:45:51Z
35310,1,1,32064,female,registered,34.1,t10,10,3,1,2326,1,2020-04-24T17:45:53Z
35310,1,1,32064,female,registered,34.1,t4,4,4,1,2544,1,2020-04-24T17:45:56Z
35310,1,1,32064,female,registered,34.1,t3,3,5,1,1876,2,2020-04-24T17:45:58Z
35310,1,1,32064,female,registered,34.1,t5,5,6,1,2019,1,2020-04-24T17:46:00Z
35310,1,1,32064,female,registered,34.1,t8,8,7,1,2006,1,2020-04-24T17:46:02Z
35310,1,1,32064,female,registered,34.1,t7,7,8,1,1722,1,2020-04-24T17:46:03Z
35310,1,1,32064,female,registered,34.1,t6,6,9,1,1635,1,2020-04-24T17:46:05Z
35310,1,1,32064,female,registered,34.1,t9,9,10,1,1622,1,2020-04-24T17:46:07Z
35618,1,1,32327,male,guest,24,t9,9,1,1,4070,2,2020-05-02T12:44:26Z
35618,1,1,32327,male,guest,24,t1,1,2,1,1692,2,2020-05-02T12:44:27Z
35618,1,1,32327,male,guest,24,t10,10,3,1,1421,1,2020-05-02T12:44:29Z
35618,1,1,32327,male,guest,24,t7,7,4,1,2457,2,2020-05-02T12:44:31Z
35618,1,1,32327,male,guest,24,t5,5,5,1,1218,2,2020-05-02T12:44:32Z
35618,1,1,32327,male,guest,24,t4,4,6,1,1046,1,2020-05-02T12:44:34Z
35618,1,1,32327,male,guest,24,t6,6,7,1,1120,2,2020-05-02T12:44:35Z
35618,1,1,32327,male,guest,24,t2,2,8,1,1121,2,2020-05-02T12:44:36Z
35618,1,1,32327,male,guest,24,t8,8,9,1,3776,2,2020-05-02T12:44:40Z
35618,1,1,32327,male,guest,24,t3,3,10,1,1157,2,2020-05-02T12:44:41Z
35696,1,1,32413,female,guest,44,t9,9,1,1,6401,1,2020-05-03T04:28:58Z
35696,1,1,32413,female,guest,44,t3,3,2,1,2123,2,2020-05-03T04:28:59Z
35696,1,1,32413,female,guest,44,t4,4,3,1,1483,1,2020-05-03T04:29:01Z
35696,1,1,32413,female,guest,44,t8,8,4,1,1859,1,2020-05-03T04:29:03Z
35696,1,1,32413,female,guest,44,t2,2,5,1,1153,1,2020-05-03T04:29:04Z
35696,1,1,32413,female,guest,44,t10,10,6,1,1510,2,2020-05-03T04:29:05Z
35696,1,1,32413,female,guest,44,t6,6,7,1,1129,2,2020-05-03T04:29:06Z
35696,1,1,32413,female,guest,44,t1,1,8,1,1311,1,2020-05-03T04:29:08Z
35696,1,1,32413,female,guest,44,t7,7,9,1,2613,1,2020-05-03T04:29:10Z
35696,1,1,32413,female,guest,44,t5,5,10,1,1189,1,2020-05-03T04:29:12Z
35857,1,1,32557,female,student,33.6,t10,10,1,1,2835,2,2020-05-06T11:37:12Z
35857,1,1,32557,female,student,33.6,t9,9,2,1,1641,1,2020-05-06T11:37:14Z
35857,1,1,32557,female,student,33.6,t5,5,3,1,1483,1,2020-05-06T11:37:16Z
35857,1,1,32557,female,student,33.6,t4,4,4,1,1338,2,2020-05-06T11:37:17Z
35857,1,1,32557,female,student,33.6,t2,2,5,1,1152,2,2020-05-06T11:37:18Z
35857,1,1,32557,female,student,33.6,t6,6,6,1,2062,2,2020-05-06T11:37:20Z
35857,1,1,32557,female,student,33.6,t8,8,7,1,2911,1,2020-05-06T11:37:23Z
35857,1,1,32557,female,student,33.6,t7,7,8,1,1211,2,2020-05-06T11:37:24Z
35857,1,1,32557,female,student,33.6,t3,3,9,1,1273,1,2020-05-06T11:37:26Z
35857,1,1,32557,female,student,33.6,t1,1,10,1,1360,2,2020-05-06T11:37:27Z
37730,1,1,32602,nonbinary,student,30.4,t1,1,1,1,2842,1,2020-06-05T02:04:08Z
37730,1,1,32602,nonbinary,student,30.4,t6,6,2,1,1036,1,2020-06-05T02:04:09Z
37730,1,1,32602,nonbinary,student,30.4,t5,5,3,1,1039,1,2020-06-05T02:04:10Z
37730,1,1,32602,nonbinary,student,30.4,t8,8,4,1,1399,2,2020-06-05T02:04:12Z
37730,1,1,32602,nonbinary,student,30.4,t7,7,5,1,1063,2,2020-06-05T02:04:13Z
37730,1,1,32602,nonbinary,student,30.4,t10,10,6,1,1314,1,2020-06-05T02:04:14Z
37730,1,1,32602,nonbinary,student,30.4,t4,4,7,1,923,1,2020-06-05T02:04:15Z
37730,1,1,32602,nonbinary,student,30.4,t3,3,8,1,1202,2,2020-06-05T02:04:16Z
37730,1,1,32602,nonbinary,student,30.4,t2,2,9,1,889,2,2020-06-05T02:04:17Z
37730,1,1,32602,nonbinary,student,30.4,t9,9,10,1,1442,2,2020-06-05T02:04:19Z
36157,1,1,32841,female,guest,19,t7,7,1,0,3879,1,2020-05-12T20:05:54Z
36157,1,1,32841,female,guest,19,t5,5,2,1,2511,2,2020-05-12T20:05:56Z
36157,1,1,32841,female,guest,19,t4,4,3,0,1430,1,2020-05-12T20:05:58Z
36157,1,1,32841,female,guest,19,t3,3,4,1,3342,2,2020-05-12T20:06:01Z
36157,1,1,32841,female,guest,19,t8,8,5,1,1373,2,2020-05-12T20:06:02Z
36157,1,1,32841,female,guest,19,t6,6,6,0,1861,1,2020-05-12T20:06:04Z
36157,1,1,32841,female,guest,19,t2,2,7,1,1720,2,2020-05-12T20:06:06Z
36157,1,1,32841,female,guest,19,t9,9,8,1,2446,1,2020-05-12T20:06:08Z
36157,1,1,32841,female,guest,19,t1,1,9,1,2583,2,2020-05-12T20:06:11Z
36157,1,1,32841,female,guest,19,t10,10,10,1,938,2,2020-05-12T20:06:12Z
36567,1,1,33226,female,guest,57,t2,2,1,1,1829,1,2020-05-17T21:54:04Z
36567,1,1,33226,female,guest,57,t6,6,2,1,1193,2,2020-05-17T21:54:05Z
36567,1,1,33226,female,guest,57,t3,3,3,1,1219,1,2020-05-17T21:54:06Z
36567,1,1,33226,female,guest,57,t10,10,4,1,1080,2,2020-05-17T21:54:07Z
36567,1,1,33226,female,guest,57,t9,9,5,1,1538,2,2020-05-17T21:54:09Z
36567,1,1,33226,female,guest,57,t4,4,6,1,1354,2,2020-05-17T21:54:10Z
36567,1,1,33226,female,guest,57,t7,7,7,1,1197,2,2020-05-17T21:54:11Z
36567,1,1,33226,female,guest,57,t5,5,8,1,1415,2,2020-05-17T21:54:13Z
36567,1,1,33226,female,guest,57,t1,1,9,1,887,2,2020-05-17T21:54:14Z
36567,1,1,33226,female,guest,57,t8,8,10,1,1638,2,2020-05-17T21:54:15Z
36687,1,1,33332,female,registered,35.8,t4,4,1,1,1639,1,2020-05-18T17:12:16Z
36687,1,1,33332,female,registered,35.8,t3,3,2,1,1756,1,2020-05-18T17:12:18Z
36687,1,1,33332,female,registered,35.8,t5,5,3,1,1201,2,2020-05-18T17:12:19Z
36687,1,1,33332,female,registered,35.8,t2,2,4,1,1220,1,2020-05-18T17:12:20Z
36687,1,1,33332,female,registered,35.8,t8,8,5,1,3064,2,2020-05-18T17:12:23Z
36687,1,1,33332,female,registered,35.8,t10,10,6,1,1272,2,2020-05-18T17:12:24Z
36687,1,1,33332,female,registered,35.8,t6,6,7,1,1486,1,2020-05-18T17:12:26Z
36687,1,1,33332,female,registered,35.8,t9,9,8,1,1551,1,2020-05-18T17:12:27Z
36687,1,1,33332,female,registered,35.8,t1,1,9,1,1229,2,2020-05-18T17:12:29Z
36687,1,1,33332,female,registered,35.8,t7,7,10,1,1485,2,2020-05-18T17:12:30Z
36797,1,1,33448,female,guest,19,t5,5,1,1,1462,1,2020-05-21T22:12:12Z
36797,1,1,33448,female,guest,19,t10,10,2,1,1167,1,2020-05-21T22:12:13Z
36797,1,1,33448,female,guest,19,t7,7,3,1,1450,2,2020-05-21T22:12:14Z
36797,1,1,33448,female,guest,19,t2,2,4,1,996,1,2020-05-21T22:12:15Z
36797,1,1,33448,female,guest,19,t4,4,5,1,1153,2,2020-05-21T22:12:16Z
36797,1,1,33448,female,guest,19,t8,8,6,1,1250,2,2020-05-21T22:12:18Z
36797,1,1,33448,female,guest,19,t6,6,7,1,1119,1,2020-05-21T22:12:19Z
36797,1,1,33448,female,guest,19,t9,9,8,1,1138,2,2020-05-21T22:12:20Z
36797,1,1,33448,female,guest,19,t1,1,9,1,1134,1,2020-05-21T22:12:21Z
36797,1,1,33448,female,guest,19,t3,3,10,1,1105,1,2020-05-21T22:12:22Z
36811,1,1,33460,female,guest,19,t5,5,1,1,3081,1,2020-05-21T23:09:42Z
36811,1,1,33460,female,guest,19,t8,8,2,1,2179,2,2020-05-21T23:09:45Z
36811,1,1,33460,female,guest,19,t4,4,3,1,2778,2,2020-05-21T23:09:47Z
36811,1,1,33460,female,guest,19,t1,1,4,1,1530,1,2020-05-21T23:09:49Z
36811,1,1,33460,female,guest,19,t7,7,5,0,4895,2,2020-05-21T23:09:54Z
36811,1,1,33460,female,guest,19,t2,2,6,1,1799,1,2020-05-21T23:09:56Z
36811,1,1,33460,female,guest,19,t3,3,7,1,1073,1,2020-05-21T23:09:57Z
36811,1,1,33460,female,guest,19,t10,10,8,1,994,1,2020-05-21T23:09:58Z
36811,1,1,33460,female,guest,19,t6,6,9,1,1991,2,2020-05-21T23:10:00Z
36811,1,1,33460,female,guest,19,t9,9,10,1,1335,2,2020-05-21T23:10:01Z
36853,1,1,33506,female,guest,23,t5,5,1,1,3559,2,2020-05-22T15:01:48Z
36853,1,1,33506,female,guest,23,t8,8,2,1,4640,1,2020-05-22T15:01:52Z
36853,1,1,33506,female,guest,23,t6,6,3,1,1282,2,2020-05-22T15:01:54Z
36853,1,1,33506,female,guest,23,t9,9,4,1,4252,2,2020-05-22T15:01:58Z
36853,1,1,33506,female,guest,23,t7,7,5,1,3666,1,2020-05-22T15:02:02Z
36853,1,1,33506,female,guest,23,t2,2,6,1,1056,1,2020-05-22T15:02:03Z
36853,1,1,33506,female,guest,23,t1,1,7,1,1088,1,2020-05-22T15:02:04Z
36853,1,1,33506,female,guest,23,t10,10,8,1,1060,1,2020-05-22T15:02:05Z
36853,1,1,33506,female,guest,23,t4,4,9,1,855,1,2020-05-22T15:02:06Z
36853,1,1,33506,female,guest,23,t3,3,10,1,967,1,2020-05-22T15:02:07Z
36927,1,1,33580,female,guest,21,t1,1,1,0,12153,1,2020-05-25T11:33:50Z
36927,1,1,33580,female,guest,21,t7,7,2,0,4299,1,2020-05-25T11:33:55Z
36927,1,1,33580,female,guest,21,t10,10,3,1,1590,1,2020-05-25T11:33:56Z
36927,1,1,33580,female,guest,21,t2,2,4,1,1686,1,2020-05-25T11:33:58Z
36927,1,1,33580,female,guest,21,t5,5,5,1,1080,2,2020-05-25T11:33:59Z
36927,1,1,33580,female,guest,21,t8,8,6,1,2687,1,2020-05-25T11:34:02Z
36927,1,1,33580,female,guest,21,t9,9,7,0,1999,1,2020-05-25T11:34:04Z
36927,1,1,33580,female,guest,21,t4,4,8,1,1178,1,2020-05-25T11:34:05Z
36927,1,1,33580,female,guest,21,t6,6,9,1,891,2,2020-05-25T11:34:06Z
36927,1,1,33580,female,guest,21,t3,3,10,1,1911,2,2020-05-25T11:34:08Z
36930,1,1,33580,female,guest,21,t6,6,1,0,1781,1,2020-05-25T11:35:53Z
36930,1,1,33580,female,guest,21,t1,1,2,1,874,2,2020-05-25T11:35:54Z
36930,1,1,33580,female,guest,21,t10,10,3,1,1016,2,2020-05-25T11:35:55Z
36930,1,1,33580,female,guest,21,t3,3,4,0,197,1,2020-05-25T11:35:55Z
36930,1,1,33580,female,guest,21,t2,2,5,0,247,2,2020-05-25T11:35:56Z
36930,1,1,33580,female,guest,21,t5,5,6,1,139,2,2020-05-25T11:35:56Z
36930,1,1,33580,female,guest,21,t8,8,7,1,594,2,2020-05-25T11:35:56Z
36930,1,1,33580,female,guest,21,t9,9,8,0,673,1,2020-05-25T11:35:57Z
36930,1,1,33580,female,guest,21,t4,4,9,1,239,2,2020-05-25T11:35:57Z
36930,1,1,33580,female,guest,21,t7,7,10,1,1043,1,2020-05-25T11:35:58Z
36931,1,1,33580,female,guest,21,t3,3,1,1,4819,2,2020-05-25T11:36:11Z
36931,1,1,33580,female,guest,21,t2,2,2,0,564,2,2020-05-25T11:36:11Z
36931,1,1,33580,female,guest,21,t4,4,3,1,427,2,2020-05-25T11:36:12Z
36931,1,1,33580,female,guest,21,t6,6,4,1,497,1,2020-05-25T11:36:12Z
36931,1,1,33580,female,guest,21,t7,7,5,0,1008,1,2020-05-25T11:36:13Z
36931,1,1,33580,female,guest,21,t10,10,6,1,740,2,2020-05-25T11:36:14Z
36931,1,1,33580,female,guest,21,t5,5,7,0,1002,2,2020-05-25T11:36:15Z
36931,1,1,33580,female,guest,21,t1,1,8,1,1107,2,2020-05-25T11:36:16Z
36931,1,1,33580,female,guest,21,t9,9,9,0,562,2,2020-05-25T11:36:17Z
36931,1,1,33580,female,guest,21,t8,8,10,0,558,1,2020-05-25T11:36:17Z
37099,1,1,33762,male,guest,21.7,t6,6,1,1,3545,1,2020-05-28T21:53:14Z
37099,1,1,33762,male,guest,21.7,t2,2,2,1,1568,1,2020-05-28T21:53:16Z
37099,1,1,33762,male,guest,21.7,t1,1,3,1,1632,2,2020-05-28T21:53:17Z
37099,1,1,33762,male,guest,21.7,t8,8,4,1,2697,1,2020-05-28T21:53:20Z
37099,1,1,33762,male,guest,21.7,t4,4,5,1,1168,2,2020-05-28T21:53:21Z
37099,1,1,33762,male,guest,21.7,t5,5,6,1,1248,1,2020-05-28T21:53:22Z
37099,1,1,33762,male,guest,21.7,t9,9,7,1,1477,1,2020-05-28T21:53:24Z
37099,1,1,33762,male,guest,21.7,t10,10,8,1,889,2,2020-05-28T21:53:25Z
37099,1,1,33762,male,guest,21.7,t7,7,9,1,4759,2,2020-05-28T21:53:30Z
37099,1,1,33762,male,guest,21.7,t3,3,10,1,887,1,2020-05-28T21:53:31Z
37198,1,1,33867,female,guest,23,t3,3,1,1,1589,2,2020-05-31T10:43:52Z
37198,1,1,33867,female,guest,23,t9,9,2,1,1056,2,2020-05-31T10:43:53Z
37198,1,1,33867,female,guest,23,t2,2,3,1,848,1,2020-05-31T10:43:54Z
37198,1,1,33867,female,guest,23,t1,1,4,1,880,2,2020-05-31T10:43:55Z
37198,1,1,33867,female,guest,23,t10,10,5,1,1048,2,2020-05-31T10:43:56Z
37198,1,1,33867,female,guest,23,t4,4,6,1,1081,1,2020-05-31T10:43:57Z
37198,1,1,33867,female,guest,23,t6,6,7,1,962,1,2020-05-31T10:43:58Z
37198,1,1,33867,female,guest,23,t7,7,8,1,845,1,2020-05-31T10:43:59Z
37198,1,1,33867,female,guest,23,t8,8,9,1,1232,1,2020-05-31T10:44:00Z
37198,1,1,33867,female,guest,23,t5,5,10,1,929,1,2020-05-31T10:44:01Z
37376,1,1,34040,female,guest,26,t7,7,1,1,6780,2,2020-06-02T11:41:15Z
37376,1,1,34040,female,guest,26,t1,1,2,1,10004,2,2020-06-02T11:41:25Z
37376,1,1,34040,female,guest,26,t2,2,3,0,6310,1,2020-06-02T11:41:31Z
37376,1,1,34040,female,guest,26,t4,4,4,1,2721,1,2020-06-02T11:41:34Z
37376,1,1,34040,female,guest,26,t10,10,5,1,1494,1,2020-06-02T11:41:35Z
37376,1,1,34040,female,guest,26,t3,3,6,1,1880,1,2020-06-02T11:41:37Z
37376,1,1,34040,female,guest,26,t9,9,7,1,2427,1,2020-06-02T11:41:40Z
37376,1,1,34040,female,guest,26,t5,5,8,1,1109,2,2020-06-02T11:41:41Z
37376,1,1,34040,female,guest,26,t6,6,9,1,1056,2,2020-06-02T11:41:42Z
37376,1,1,34040,female,guest,26,t8,8,10,1,13719,1,2020-06-02T11:41:56Z
37378,1,1,34040,female,guest,26,t5,5,1,1,17810,1,2020-06-02T11:42:30Z
37378,1,1,34040,female,guest,26,t9,9,2,1,1052,2,2020-06-02T11:42:31Z
37378,1,1,34040,female,guest,26,t7,7,3,1,361382,2,2020-06-02T11:48:33Z
37378,1,1,34040,female,guest,26,t8,8,4,1,1814,2,2020-06-02T11:48:35Z
37378,1,1,34040,female,guest,26,t3,3,5,1,1011,1,2020-06-02T11:48:36Z
37378,1,1,34040,female,guest,26,t10,10,6,1,947,1,2020-06-02T11:48:37Z
37378,1,1,34040,female,guest,26,t1,1,7,1,730,1,2020-06-02T11:48:37Z
37378,1,1,34040,female,guest,26,t6,6,8,1,944,1,2020-06-02T11:48:38Z
37378,1,1,34040,female,guest,26,t4,4,9,1,759,1,2020-06-02T11:48:39Z
37378,1,1,34040,female,guest,26,t2,2,10,1,821,1,2020-06-02T11:48:40Z
37383,1,1,34040,female,guest,26,t2,2,1,1,1761,1,2020-06-02T11:52:10Z
37383,1,1,34040,female,guest,26,t1,1,2,1,2031,2,2020-06-02T11:52:12Z
37383,1,1,34040,female,guest,26,t7,7,3,1,2043,1,2020-06-02T11:52:14Z
37383,1,1,34040,female,guest,26,t10,10,4,1,1475,1,2020-06-02T11:52:15Z
37383,1,1,34040,female,guest,26,t4,4,5,1,834,1,2020-06-02T11:52:16Z
37383,1,1,34040,female,guest,26,t8,8,6,1,929,1,2020-06-02T11:52:17Z
37383,1,1,34040,female,guest,26,t5,5,7,1,1061,1,2020-06-02T11:52:18Z
37383,1,1,34040,female,guest,26,t9,9,8,1,770,1,2020-06-02T11:52:19Z
37383,1,1,34040,female,guest,26,t6,6,9,1,1396,1,2020-06-02T11:52:20Z
37383,1,1,34040,female,guest,26,t3,3,10,1,995,1,2020-06-02T11:52:21Z
37387,1,1,34048,female,guest,38,t3,3,1,1,2309,1,2020-06-02T11:54:16Z
37387,1,1,34048,female,guest,38,t5,5,2,1,1038,1,2020-06-02T11:54:17Z
37387,1,1,34048,female,guest,38,t7,7,3,1,1595,2,2020-06-02T11:54:19Z
37387,1,1,34048,female,guest,38,t6,6,4,1,1744,2,2020-06-02T11:54:21Z
37387,1,1,34048,female,guest,38,t1,1,5,1,1272,1,2020-06-02T11:54:22Z
37387,1,1,34048,female,guest,38,t4,4,6,1,1200,1,2020-06-02T11:54:23Z
37387,1,1,34048,female,guest,38,t9,9,7,1,1772,2,2020-06-02T11:54:25Z
37387,1,1,34048,female,guest,38,t10,10,8,1,917,1,2020-06-02T11:54:26Z
37387,1,1,34048,female,guest,38,t2,2,9,1,947,1,2020-06-02T11:54:27Z
37387,1,1,34048,female,guest,38,t8,8,10,1,1170,1,2020-06-02T11:54:28Z
37402,1,1,34063,female,guest,47,t1,1,1,1,3598,2,2020-06-02T12:11:01Z
37402,1,1,34063,female,guest,47,t8,8,2,1,2326,1,2020-06-02T12:11:03Z
37402,1,1,34063,female,guest,47,t10,10,3,1,2252,1,2020-06-02T12:11:06Z
37402,1,1,34063,female,guest,47,t7,7,4,1,2862,1,2020-06-02T12:11:09Z
37402,1,1,34063,female,guest,47,t5,5,5,1,1415,2,2020-06-02T12:11:10Z
37402,1,1,34063,female,guest,47,t2,2,6,1,1156,1,2020-06-02T12:11:11Z
37402,1,1,34063,female,guest,47,t3,3,7,1,1296,2,2020-06-02T12:11:12Z
37402,1,1,34063,female,guest,47,t6,6,8,1,1590,1,2020-06-02T12:11:14Z
37402,1,1,34063,female,guest,47,t4,4,9,1,1504,2,2020-06-02T12:11:15Z
37402,1,1,34063,female,guest,47,t9,9,10,1,1530,1,2020-06-02T12:11:17Z
37755,1,1,34437,female,guest,43,t7,7,1,1,4672,1,2020-06-05T13:52:03Z
37755,1,1,34437,female,guest,43,t2,2,2,1,1395,1,2020-06-05T13:52:05Z
37755,1,1,34437,female,guest,43,t4,4,3,1,1428,2,2020-06-05T13:52:06Z
37755,1,1,34437,female,guest,43,t1,1,4,0,11365,1,2020-06-05T13:52:18Z
37755,1,1,34437,female,guest,43,t5,5,5,1,1738,1,2020-06-05T13:52:19Z
37755,1,1,34437,female,guest,43,t6,6,6,1,1572,2,2020-06-05T13:52:21Z
37755,1,1,34437,female,guest,43,t10,10,7,1,1830,1,2020-06-05T13:52:23Z
37755,1,1,34437,female,guest,43,t8,8,8,1,1320,1,2020-06-05T13:52:24Z
37755,1,1,34437,female,guest,43,t9,9,9,1,2484,2,2020-06-05T13:52:27Z
37755,1,1,34437,female,guest,43,t3,3,10,1,906,2,2020-06-05T13:52:28Z
37857,1,1,34525,female,guest,25,t8,8,1,1,6958,1,2020-06-06T13:19:05Z
37857,1,1,34525,female,guest,25,t7,7,2,1,31651,1,2020-06-06T13:19:37Z
37857,1,1,34525,female,guest,25,t4,4,3,1,3933,1,2020-06-06T13:19:41Z
37857,1,1,34525,female,guest,25,t9,9,4,1,1857,2,2020-06-06T13:19:43Z
37857,1,1,34525,female,guest,25,t5,5,5,1,8525,2,2020-06-06T13:19:51Z
37857,1,1,34525,female,guest,25,t3,3,6,1,2839,2,2020-06-06T13:19:54Z
37857,1,1,34525,female,guest,25,t10,10,7,1,1442,1,2020-06-06T13:19:55Z
37857,1,1,34525,female,guest,25,t6,6,8,1,1253,2,2020-06-06T13:19:57Z
37857,1,1,34525,female,guest,25,t1,1,9,1,1189,2,2020-06-06T13:19:58Z
37857,1,1,34525,female,guest,25,t2,2,10,1,1267,1,2020-06-06T13:19:59Z
37862,1,1,34528,female,guest,22,t5,5,1,1,2064,2,2020-06-06T13:39:19Z
37862,1,1,34528,female,guest,22,t9,9,2,1,1848,1,2020-06-06T13:39:20Z
37862,1,1,34528,female,guest,22,t4,4,3,1,1052,2,2020-06-06T13:39:21Z
37862,1,1,34528,female,guest,22,t7,7,4,0,1268,2,2020-06-06T13:39:23Z
37862,1,1,34528,female,guest,22,t1,1,5,1,1125,1,2020-06-06T13:39:24Z
37862,1,1,34528,female,guest,22,t10,10,6,1,863,2,2020-06-06T13:39:25Z
37862,1,1,34528,female,guest,22,t3,3,7,1,1183,1,2020-06-06T13:39:26Z
37862,1,1,34528,female,guest,22,t8,8,8,1,1512,1,2020-06-06T13:39:27Z
37862,1,1,34528,female,guest,22,t6,6,9,1,1001,2,2020-06-06T13:39:28Z
37862,1,1,34528,female,guest,22,t2,2,10,1,1136,2,2020-06-06T13:39:30Z
37897,1,1,34558,male,guest,23,t10,10,1,1,2823,2,2020-06-06T21:54:00Z
37897,1,1,34558,male,guest,23,t6,6,2,1,9597,1,2020-06-06T21:54:10Z
37897,1,1,34558,male,guest,23,t2,2,3,1,1380,1,2020-06-06T21:54:11Z
37897,1,1,34558,male,guest,23,t5,5,4,1,3404,1,2020-06-06T21:54:15Z
37897,1,1,34558,male,guest,23,t8,8,5,1,2069,2,2020-06-06T21:54:17Z
37897,1,1,34558,male,guest,23,t1,1,6,1,6699,2,2020-06-06T21:54:24Z
37897,1,1,34558,male,guest,23,t9,9,7,1,1517,1,2020-06-06T21:54:25Z
37897,1,1,34558,male,guest,23,t3,3,8,1,1087,1,2020-06-06T21:54:26Z
37897,1,1,34558,male,guest,23,t7,7,9,1,1216,2,2020-06-06T21:54:27Z
37897,1,1,34558,male,guest,23,t4,4,10,1,4080,1,2020-06-06T21:54:31Z
38376,1,1,35030,male,guest,23.8,t10,10,1,1,4210,1,2020-06-13T15:00:42Z
38376,1,1,35030,male,guest,23.8,t9,9,2,1,2118,1,2020-06-13T15:00:44Z
38376,1,1,35030,male,guest,23.8,t1,1,3,1,1540,2,2020-06-13T15:00:45Z
38376,1,1,35030,male,guest,23.8,t8,8,4,1,1581,1,2020-06-13T15:00:47Z
38376,1,1,35030,male,guest,23.8,t3,3,5,1,1396,1,2020-06-13T15:00:48Z
38376,1,1,35030,male,guest,23.8,t6,6,6,1,1428,1,2020-06-13T15:00:50Z
38376,1,1,35030,male,guest,23.8,t7,7,7,1,2968,1,2020-06-13T15:00:53Z
38376,1,1,35030,male,guest,23.8,t2,2,8,1,952,1,2020-06-13T15:00:54Z
38376,1,1,35030,male,guest,23.8,t5,5,9,1,1579,2,2020-06-13T15:00:55Z
38376,1,1,35030,male,guest,23.8,t4,4,10,1,1569,2,2020-06-13T15:00:57Z
38498,1,1,35142,male,registered,33.3,t5,5,1,1,4171,1,2020-06-15T21:06:26Z
38498,1,1,35142,male,registered,33.3,t2,2,2,1,1053,1,2020-06-15T21:06:26Z
38498,1,1,35142,male,registered,33.3,t7,7,3,1,1167,2,2020-06-15T21:06:27Z
38498,1,1,35142,male,registered,33.3,t8,8,4,1,4558,2,2020-06-15T21:06:31Z
38498,1,1,35142,male,registered,33.3,t1,1,5,1,1807,2,2020-06-15T21:06:33Z
38498,1,1,35142,male,registered,33.3,t3,3,6,1,981,1,2020-06-15T21:06:34Z
38498,1,1,35142,male,registered,33.3,t6,6,7,1,1222,1,2020-06-15T21:06:35Z
38498,1,1,35142,male,registered,33.3,t9,9,8,1,926,2,2020-06-15T21:06:36Z
38498,1,1,35142,male,registered,33.3,t4,4,9,1,2152,2,2020-06-15T21:06:38Z
38498,1,1,35142,male,registered,33.3,t10,10,10,1,1022,1,2020-06-15T21:06:39Z
38644,1,1,35271,male,guest,28,t7,7,1,1,33456,2,2020-06-18T19:38:32Z
38644,1,1,35271,male,guest,28,t1,1,2,1,1387,1,2020-06-18T19:38:34Z
38644,1,1,35271,male,guest,28,t8,8,3,1,1113,1,2020-06-18T19:38:35Z
38644,1,1,35271,male,guest,28,t9,9,4,1,976,1,2020-06-18T19:38:36Z
38644,1,1,35271,male,guest,28,t10,10,5,1,1102,2,2020-06-18T19:38:37Z
38644,1,1,35271,male,guest,28,t4,4,6,1,1646,2,2020-06-18T19:38:38Z
38644,1,1,35271,male,guest,28,t6,6,7,1,819,2,2020-06-18T19:38:39Z
38644,1,1,35271,male,guest,28,t5,5,8,1,1103,1,2020-06-18T19:38:40Z
38644,1,1,35271,male,guest,28,t3,3,9,1,853,2,2020-06-18T19:38:41Z
38644,1,1,35271,male,guest,28,t2,2,10,1,1302,2,2020-06-18T19:38:43Z
38736,1,1,35361,female,guest,56,t3,3,1,1,1464,1,2020-06-20T15:21:01Z
38736,1,1,35361,female,guest,56,t9,9,2,1,1571,2,2020-06-20T15:21:03Z
38736,1,1,35361,female,guest,56,t5,5,3,1,1278,1,2020-06-20T15:21:04Z
38736,1,1,35361,female,guest,56,t10,10,4,1,1226,1,2020-06-20T15:21:05Z
38736,1,1,35361,female,guest,56,t7,7,5,1,1487,1,2020-06-20T15:21:07Z
38736,1,1,35361,female,guest,56,t1,1,6,1,1483,2,2020-06-20T15:21:08Z
38736,1,1,35361,female,guest,56,t4,4,7,1,1163,2,2020-06-20T15:21:10Z
38736,1,1,35361,female,guest,56,t6,6,8,1,882,2,2020-06-20T15:21:10Z
38736,1,1,35361,female,guest,56,t2,2,9,1,1184,2,2020-06-20T15:21:12Z
38736,1,1,35361,female,guest,56,t8,8,10,1,1151,2,2020-06-20T15:21:13Z
39207,1,1,35783,female,guest,25,t1,1,1,1,3850,1,2020-06-26T16:44:21Z
39207,1,1,35783,female,guest,25,t7,7,2,1,2763,1,2020-06-26T16:44:23Z
39207,1,1,35783,female,guest,25,t4,4,3,1,3433,2,2020-06-26T16:44:27Z
39207,1,1,35783,female,guest,25,t10,10,4,1,1479,1,2020-06-26T16:44:28Z
39207,1,1,35783,female,guest,25,t6,6,5,1,1134,1,2020-06-26T16:44:30Z
39207,1,1,35783,female,guest,25,t5,5,6,1,1255,2,2020-06-26T16:44:31Z
39207,1,1,35783,female,guest,25,t2,2,7,1,1528,2,2020-06-26T16:44:32Z
39207,1,1,35783,female,guest,25,t8,8,8,1,1629,1,2020-06-26T16:44:34Z
39207,1,1,35783,female,guest,25,t9,9,9,1,2326,1,2020-06-26T16:44:36Z
39207,1,1,35783,female,guest,25,t3,3,10,1,1558,1,2020-06-26T16:44:38Z
39499,1,1,36083,female,guest,79,t8,8,1,1,9990,1,2020-06-28T14:09:14Z
39499,1,1,36083,female,guest,79,t10,10,2,1,3282,1,2020-06-28T14:09:17Z
39499,1,1,36083,female,guest,79,t9,9,3,1,2215,1,2020-06-28T14:09:19Z
39499,1,1,36083,female,guest,79,t1,1,4,1,4618,1,2020-06-28T14:09:24Z
39499,1,1,36083,female,guest,79,t2,2,5,1,1473,1,2020-06-28T14:09:26Z
39499,1,1,36083,female,guest,79,t3,3,6,1,1692,1,2020-06-28T14:09:27Z
39499,1,1,36083,female,guest,79,t4,4,7,1,2010,2,2020-06-28T14:09:29Z
39499,1,1,36083,female,guest,79,t6,6,8,1,1531,2,2020-06-28T14:09:31Z
39499,1,1,36083,female,guest,79,t5,5,9,1,1425,1,2020-06-28T14:09:32Z
39499,1,1,36083,female,guest,79,t7,7,10,1,1890,1,2020-06-28T14:09:34Z
39562,1,1,36144,female,guest,53,t6,6,1,1,7127,2,2020-06-29T02:27:34Z
39562,1,1,36144,female,guest,53,t8,8,2,1,2888,1,2020-06-29T02:27:37Z
39562,1,1,36144,female,guest,53,t9,9,3,1,1054,2,2020-06-29T02:27:38Z
39562,1,1,36144,female,guest,53,t10,10,4,1,979,1,2020-06-29T02:27:39Z
39562,1,1,36144,female,guest,53,t3,3,5,1,1183,1,2020-06-29T02:27:40Z
39562,1,1,36144,female,guest,53,t1,1,6,1,1051,2,2020-06-29T02:27:41Z
39562,1,1,36144,female,guest,53,t7,7,7,1,1069,2,2020-06-29T02:27:42Z
39562,1,1,36144,female,guest,53,t2,2,8,1,2576,1,2020-06-29T02:27:45Z
39562,1,1,36144,female,guest,53,t5,5,9,1,1046,1,2020-06-29T02:27:46Z
39562,1,1,36144,female,guest,53,t4,4,10,1,1283,1,2020-06-29T02:27:47Z
39742,1,1,36335,female,guest,36,t9,9,1,1,3151,2,2020-07-07T15:10:36Z
39742,1,1,36335,female,guest,36,t1,1,2,1,1051,2,2020-07-07T15:10:37Z
39742,1,1,36335,female,guest,36,t10,10,3,1,1554,1,2020-07-07T15:10:38Z
39742,1,1,36335,female,guest,36,t2,2,4,1,5318,2,2020-07-07T15:10:44Z
39742,1,1,36335,female,guest,36,t7,7,5,0,3008,2,2020-07-07T15:10:46Z
39742,1,1,36335,female,guest,36,t4,4,6,1,2595,1,2020-07-07T15:10:49Z
39742,1,1,36335,female,guest,36,t8,8,7,1,1448,2,2020-07-07T15:10:50Z
39742,1,1,36335,female,guest,36,t6,6,8,0,175,1,2020-07-07T15:10:51Z
39742,1,1,36335,female,guest,36,t3,3,9,1,1509,1,2020-07-07T15:10:52Z
39742,1,1,36335,female,guest,36,t5,5,10,1,1788,2,2020-07-07T15:10:54Z
39851,1,1,36464,female,guest,24,t2,2,1,1,1728,2,2020-07-13T18:22:30Z
39851,1,1,36464,female,guest,24,t1,1,2,1,1690,2,2020-07-13T18:22:32Z
39851,1,1,36464,female,guest,24,t3,3,3,1,1417,2,2020-07-13T18:22:33Z
39851,1,1,36464,female,guest,24,t5,5,4,1,1442,1,2020-07-13T18:22:34Z
39851,1,1,36464,female,guest,24,t6,6,5,1,1799,2,2020-07-13T18:22:36Z
39851,1,1,36464,female,guest,24,t4,4,6,1,1260,1,2020-07-13T18:22:37Z
39851,1,1,36464,female,guest,24,t9,9,7,1,1163,2,2020-07-13T18:22:39Z
39851,1,1,36464,female,guest,24,t10,10,8,1,1080,1,2020-07-13T18:22:40Z
39851,1,1,36464,female,guest,24,t8,8,9,1,3019,1,2020-07-13T18:22:43Z
39851,1,1,36464,female,guest,24,t7,7,10,1,1181,2,2020-07-13T18:22:44Z
39900,1,1,36513,male,registered,25.2,t10,10,1,1,23587,2,2020-07-16T09:32:02Z
39900,1,1,36513,male,registered,25.2,t9,9,2,1,3751,2,2020-07-16T09:32:05Z
39900,1,1,36513,male,registered,25.2,t6,6,3,1,17364,1,2020-07-16T09:32:23Z
39900,1,1,36513,male,registered,25.2,t2,2,4,1,5245,1,2020-07-16T09:32:28Z
39900,1,1,36513,male,registered,25.2,t5,5,5,0,12105,2,2020-07-16T09:32:41Z
39900,1,1,36513,male,registered,25.2,t7,7,6,1,1485,1,2020-07-16T09:32:41Z
39900,1,1,36513,male,registered,25.2,t4,4,7,1,5835,1,2020-07-16T09:32:49Z
39900,1,1,36513,male,registered,25.2,t1,1,8,0,7360,1,2020-07-16T09:32:55Z
39900,1,1,36513,male,registered,25.2,t3,3,9,1,2032,2,2020-07-16T09:32:57Z
39900,1,1,36513,male,registered,25.2,t8,8,10,1,3748,2,2020-07-16T09:33:00Z
39972,1,1,36513,male,registered,25.2,t10,10,1,1,5458,2,2020-07-17T12:22:23Z
39972,1,1,36513,male,registered,25.2,t8,8,2,1,1132,2,2020-07-17T12:22:25Z
39972,1,1,36513,male,registered,25.2,t1,1,3,0,3392,2,2020-07-17T12:22:28Z
39972,1,1,36513,male,registered,25.2,t2,2,4,1,1561,2,2020-07-17T12:22:30Z
39972,1,1,36513,male,registered,25.2,t7,7,5,1,2069,1,2020-07-17T12:22:32Z
39972,1,1,36513,male,registered,25.2,t9,9,6,1,3116,1,2020-07-17T12:22:35Z
39972,1,1,36513,male,registered,25.2,t4,4,7,1,4970,1,2020-07-17T12:22:40Z
39972,1,1,36513,male,registered,25.2,t3,3,8,1,1071,1,2020-07-17T12:22:41Z
39972,1,1,36513,male,registered,25.2,t6,6,9,0,17320,1,2020-07-17T12:22:59Z
39972,1,1,36513,male,registered,25.2,t5,5,10,1,1387,1,2020-07-17T12:23:00Z
39907,1,1,36521,male,registered,20.7,t1,1,1,1,6703,1,2020-07-16T10:19:51Z
39907,1,1,36521,male,registered,20.7,t5,5,4,1,3662,1,2020-07-16T10:19:54Z
39907,1,1,36521,male,registered,20.7,t9,9,3,1,1176,1,2020-07-16T10:19:55Z
39907,1,1,36521,male,registered,20.7,t6,6,5,1,1067,2,2020-07-16T10:19:55Z
39907,1,1,36521,male,registered,20.7,t3,3,2,1,1714,2,2020-07-16T10:19:56Z
39907,1,1,36521,male,registered,20.7,t4,4,6,1,1464,1,2020-07-16T10:19:56Z
39907,1,1,36521,male,registered,20.7,t2,2,7,1,1285,1,2020-07-16T10:19:58Z
39907,1,1,36521,male,registered,20.7,t7,7,8,1,10825,1,2020-07-16T10:20:12Z
39907,1,1,36521,male,registered,20.7,t8,8,10,1,1544,1,2020-07-16T10:20:13Z
39909,1,1,36523,male,test,22.2,t4,4,1,1,5599,2,2020-07-16T10:34:26Z
39909,1,1,36523,male,test,22.2,t9,9,2,1,2336,1,2020-07-16T10:34:27Z
39909,1,1,36523,male,test,22.2,t6,6,3,1,1350,1,2020-07-16T10:34:28Z
39909,1,1,36523,male,test,22.2,t3,3,4,1,988,2,2020-07-16T10:34:29Z
39909,1,1,36523,male,test,22.2,t10,10,5,1,1014,2,2020-07-16T10:34:30Z
39909,1,1,36523,male,test,22.2,t5,5,6,1,915,1,2020-07-16T10:34:31Z
39909,1,1,36523,male,test,22.2,t2,2,7,1,1140,2,2020-07-16T10:34:32Z
39909,1,1,36523,male,test,22.2,t1,1,8,1,2875,1,2020-07-16T10:34:35Z
39909,1,1,36523,male,test,22.2,t7,7,9,1,1312,1,2020-07-16T10:34:36Z
39909,1,1,36523,male,test,22.2,t8,8,10,1,1209,2,2020-07-16T10:34:38Z
39920,1,1,36537,male,registered,22.2,t4,4,1,1,9040,1,2020-07-16T14:22:58Z
39920,1,1,36537,male,registered,22.2,t9,9,2,1,2452,2,2020-07-16T14:22:59Z
39920,1,1,36537,male,registered,22.2,t6,6,3,1,2683,1,2020-07-16T14:23:02Z
39920,1,1,36537,male,registered,22.2,t5,5,4,1,1565,1,2020-07-16T14:23:03Z
39920,1,1,36537,male,registered,22.2,t1,1,5,1,1828,2,2020-07-16T14:23:05Z
39920,1,1,36537,male,registered,22.2,t7,7,6,1,3284,1,2020-07-16T14:23:08Z
39920,1,1,36537,male,registered,22.2,t2,2,7,1,1528,1,2020-07-16T14:23:10Z
39920,1,1,36537,male,registered,22.2,t8,8,8,1,1320,2,2020-07-16T14:23:11Z
39920,1,1,36537,male,registered,22.2,t10,10,9,1,1321,1,2020-07-16T14:23:13Z
39920,1,1,36537,male,registered,22.2,t3,3,10,1,1074,1,2020-07-16T14:23:14Z
39931,1,1,36547,male,registered,20.6,t2,2,1,1,4378,1,2020-07-16T15:06:02Z
39931,1,1,36547,male,registered,20.6,t10,10,2,1,1646,2,2020-07-16T15:06:04Z
39931,1,1,36547,male,registered,20.6,t6,6,3,1,1381,2,2020-07-16T15:06:05Z
39931,1,1,36547,male,registered,20.6,t9,9,4,1,3493,2,2020-07-16T15:06:09Z
39931,1,1,36547,male,registered,20.6,t1,1,5,1,3515,2,2020-07-16T15:06:12Z
39931,1,1,36547,male,registered,20.6,t4,4,6,1,3958,2,2020-07-16T15:06:16Z
39931,1,1,36547,male,registered,20.6,t8,8,7,1,1298,1,2020-07-16T15:06:18Z
39931,1,1,36547,male,registered,20.6,t5,5,8,1,2171,1,2020-07-16T15:06:20Z
39931,1,1,36547,male,registered,20.6,t7,7,9,1,1002,2,2020-07-16T15:06:21Z
39931,1,1,36547,male,registered,20.6,t3,3,10,1,1393,2,2020-07-16T15:06:22Z
39936,1,1,36547,male,registered,20.6,t1,1,1,0,5589,2,2020-07-16T15:10:27Z
39936,1,1,36547,male,registered,20.6,t10,10,2,0,2033,1,2020-07-16T15:10:28Z
39936,1,1,36547,male,registered,20.6,t7,7,3,0,1111,1,2020-07-16T15:10:29Z
39936,1,1,36547,male,registered,20.6,t3,3,4,0,936,1,2020-07-16T15:10:30Z
39936,1,1,36547,male,registered,20.6,t5,5,5,0,779,2,2020-07-16T15:10:31Z
39936,1,1,36547,male,registered,20.6,t6,6,6,0,900,1,2020-07-16T15:10:32Z
39936,1,1,36547,male,registered,20.6,t9,9,7,0,1044,2,2020-07-16T15:10:33Z
39936,1,1,36547,male,registered,20.6,t8,8,8,0,826,1,2020-07-16T15:10:34Z
39936,1,1,36547,male,registered,20.6,t2,2,9,0,890,2,2020-07-16T15:10:34Z
39936,1,1,36547,male,registered,20.6,t4,4,10,0,1155,2,2020-07-16T15:10:36Z
39939,1,1,36547,male,registered,20.6,t2,2,1,0,4036,2,2020-07-16T15:15:49Z
39939,1,1,36547,male,registered,20.6,t10,10,2,0,774,1,2020-07-16T15:15:49Z
39939,1,1,36547,male,registered,20.6,t1,1,3,0,983,2,2020-07-16T15:15:49Z
39939,1,1,36547,male,registered,20.6,t3,3,4,0,2171,2,2020-07-16T15:15:52Z
39939,1,1,36547,male,registered,20.6,t4,4,5,0,1287,1,2020-07-16T15:15:53Z
39939,1,1,36547,male,registered,20.6,t7,7,6,0,1099,1,2020-07-16T15:15:54Z
39939,1,1,36547,male,registered,20.6,t8,8,7,0,796,2,2020-07-16T15:15:55Z
39939,1,1,36547,male,registered,20.6,t5,5,8,0,824,1,2020-07-16T15:15:56Z
39939,1,1,36547,male,registered,20.6,t6,6,9,0,910,1,2020-07-16T15:15:57Z
39939,1,1,36547,male,registered,20.6,t9,9,10,0,828,1,2020-07-16T15:15:57Z
39963,1,1,36571,male,registered,21.3,t5,5,1,1,9343,1,2020-07-17T10:20:40Z
39963,1,1,36571,male,registered,21.3,t2,2,2,1,3578,1,2020-07-17T10:20:42Z
39963,1,1,36571,male,registered,21.3,t4,4,3,1,2763,2,2020-07-17T10:20:45Z
39963,1,1,36571,male,registered,21.3,t9,9,4,1,1495,1,2020-07-17T10:20:46Z
39963,1,1,36571,male,registered,21.3,t8,8,5,1,2846,1,2020-07-17T10:20:49Z
39963,1,1,36571,male,registered,21.3,t7,7,6,1,1294,1,2020-07-17T10:20:50Z
39963,1,1,36571,male,registered,21.3,t10,10,7,1,1036,1,2020-07-17T10:20:51Z
39963,1,1,36571,male,registered,21.3,t3,3,8,1,1035,1,2020-07-17T10:20:52Z
39963,1,1,36571,male,registered,21.3,t6,6,9,1,1146,2,2020-07-17T10:20:54Z
39963,1,1,36571,male,registered,21.3,t1,1,10,1,1405,1,2020-07-17T10:20:55Z
40018,1,1,36625,female,registered,17.3,t6,6,1,1,3765,2,2020-07-20T09:09:54Z
40018,1,1,36625,female,registered,17.3,t7,7,2,1,3983,2,2020-07-20T09:09:57Z
40018,1,1,36625,female,registered,17.3,t9,9,3,1,2340,2,2020-07-20T09:09:59Z
40018,1,1,36625,female,registered,17.3,t3,3,4,1,1379,1,2020-07-20T09:10:01Z
40018,1,1,36625,female,registered,17.3,t2,2,5,1,1165,1,2020-07-20T09:10:02Z
40018,1,1,36625,female,registered,17.3,t8,8,6,1,3905,2,2020-07-20T09:10:06Z
40018,1,1,36625,female,registered,17.3,t4,4,7,1,990,2,2020-07-20T09:10:08Z
40018,1,1,36625,female,registered,17.3,t10,10,8,1,1596,2,2020-07-20T09:10:08Z
40018,1,1,36625,female,registered,17.3,t1,1,9,1,4038,1,2020-07-20T09:10:12Z
40018,1,1,36625,female,registered,17.3,t5,5,10,1,1037,1,2020-07-20T09:10:13Z
40031,1,1,36641,male,guest,27,t4,4,1,1,2348,1,2020-07-20T17:43:36Z
40031,1,1,36641,male,guest,27,t3,3,2,1,1175,2,2020-07-20T17:43:38Z
40031,1,1,36641,male,guest,27,t8,8,3,1,1339,1,2020-07-20T17:43:39Z
40031,1,1,36641,male,guest,27,t1,1,4,1,1084,2,2020-07-20T17:43:40Z
40031,1,1,36641,male,guest,27,t6,6,5,1,1306,2,2020-07-20T17:43:41Z
40031,1,1,36641,male,guest,27,t5,5,6,1,1011,2,2020-07-20T17:43:42Z
40031,1,1,36641,male,guest,27,t7,7,7,1,1577,2,2020-07-20T17:43:44Z
40031,1,1,36641,male,guest,27,t10,10,8,1,1290,1,2020-07-20T17:43:45Z
40031,1,1,36641,male,guest,27,t9,9,9,1,1273,1,2020-07-20T17:43:46Z
40031,1,1,36641,male,guest,27,t2,2,10,1,1037,1,2020-07-20T17:43:47Z
40120,1,1,36664,female,registered,29,t9,9,1,1,1469,1,2020-07-23T19:49:02Z
40120,1,1,36664,female,registered,29,t3,3,2,1,813,2,2020-07-23T19:49:03Z
40120,1,1,36664,female,registered,29,t2,2,3,1,626,1,2020-07-23T19:49:04Z
40120,1,1,36664,female,registered,29,t6,6,4,0,2459,2,2020-07-23T19:49:06Z
40120,1,1,36664,female,registered,29,t7,7,5,0,1562,2,2020-07-23T19:49:08Z
40120,1,1,36664,female,registered,29,t4,4,6,1,1837,1,2020-07-23T19:49:09Z
40120,1,1,36664,female,registered,29,t1,1,7,1,1577,1,2020-07-23T19:49:11Z
40120,1,1,36664,female,registered,29,t8,8,8,1,838,1,2020-07-23T19:49:12Z
40120,1,1,36664,female,registered,29,t5,5,9,1,1663,2,2020-07-23T19:49:13Z
40120,1,1,36664,female,registered,29,t10,10,10,1,1665,2,2020-07-23T19:49:15Z
40105,1,1,36706,female,registered,23.6,t10,10,1,1,2420,2,2020-07-23T14:24:56Z
40105,1,1,36706,female,registered,23.6,t9,9,2,1,2856,2,2020-07-23T14:24:58Z
40105,1,1,36706,female,registered,23.6,t7,7,3,0,1767,2,2020-07-23T14:25:00Z
40105,1,1,36706,female,registered,23.6,t5,5,4,0,4315,1,2020-07-23T14:25:05Z
40105,1,1,36706,female,registered,23.6,t6,6,5,0,4614,2,2020-07-23T14:25:09Z
40105,1,1,36706,female,registered,23.6,t8,8,6,0,2546,2,2020-07-23T14:25:12Z
40105,1,1,36706,female,registered,23.6,t2,2,7,1,1412,1,2020-07-23T14:25:13Z
40105,1,1,36706,female,registered,23.6,t4,4,8,1,2950,1,2020-07-23T14:25:16Z
40105,1,1,36706,female,registered,23.6,t1,1,9,1,3758,2,2020-07-23T14:25:20Z
40105,1,1,36706,female,registered,23.6,t3,3,10,1,2720,2,2020-07-23T14:25:23Z
40163,1,1,36751,female,test,20,t3,3,1,1,6597,2,2020-07-25T17:27:23Z
40163,1,1,36751,female,test,20,t9,9,2,1,6169,2,2020-07-25T17:27:29Z
40163,1,1,36751,female,test,20,t5,5,3,1,1862,1,2020-07-25T17:27:31Z
40163,1,1,36751,female,test,20,t4,4,4,1,1329,1,2020-07-25T17:27:32Z
40163,1,1,36751,female,test,20,t1,1,5,1,1403,1,2020-07-25T17:27:33Z
40163,1,1,36751,female,test,20,t2,2,6,1,1783,1,2020-07-25T17:27:35Z
40163,1,1,36751,female,test,20,t6,6,7,1,1012,2,2020-07-25T17:27:36Z
40163,1,1,36751,female,test,20,t8,8,8,1,2114,2,2020-07-25T17:27:38Z
40163,1,1,36751,female,test,20,t10,10,9,1,1315,1,2020-07-25T17:27:40Z
40163,1,1,36751,female,test,20,t7,7,10,1,1655,1,2020-07-25T17:27:41Z
40407,1,1,36974,male,registered,21.7,t9,9,1,1,4000,2,2020-08-12T14:48:13Z
40407,1,1,36974,male,registered,21.7,t4,4,2,1,2151,1,2020-08-12T14:48:15Z
40407,1,1,36974,male,registered,21.7,t6,6,3,1,3111,1,2020-08-12T14:48:18Z
40407,1,1,36974,male,registered,21.7,t2,2,4,1,1113,2,2020-08-12T14:48:19Z
40407,1,1,36974,male,registered,21.7,t1,1,5,1,1100,1,2020-08-12T14:48:20Z
40407,1,1,36974,male,registered,21.7,t3,3,6,1,1061,1,2020-08-12T14:48:21Z
40407,1,1,36974,male,registered,21.7,t7,7,7,1,986,1,2020-08-12T14:48:22Z
40407,1,1,36974,male,registered,21.7,t5,5,8,1,1028,1,2020-08-12T14:48:23Z
40407,1,1,36974,male,registered,21.7,t8,8,9,1,2917,2,2020-08-12T14:48:26Z
40407,1,1,36974,male,registered,21.7,t10,10,10,1,1005,1,2020-08-12T14:48:27Z
40428,1,1,36999,nonbinary,test,24.1,t3,3,1,1,11648,2,2020-08-21T12:13:17Z
40428,1,1,36999,nonbinary,test,24.1,t4,4,2,1,28967,1,2020-08-21T12:13:46Z
40428,1,1,36999,nonbinary,test,24.1,t9,9,3,1,2485,1,2020-08-21T12:13:49Z
40428,1,1,36999,nonbinary,test,24.1,t6,6,4,1,2108,1,2020-08-21T12:13:51Z
40428,1,1,36999,nonbinary,test,24.1,t1,1,5,1,1951,2,2020-08-21T12:13:53Z
40428,1,1,36999,nonbinary,test,24.1,t7,7,6,1,6765,1,2020-08-21T12:14:00Z
40428,1,1,36999,nonbinary,test,24.1,t10,10,7,1,1293,1,2020-08-21T12:14:01Z
40428,1,1,36999,nonbinary,test,24.1,t5,5,8,1,1645,2,2020-08-21T12:14:03Z
40428,1,1,36999,nonbinary,test,24.1,t2,2,9,1,1452,2,2020-08-21T12:14:04Z
40428,1,1,36999,nonbinary,test,24.1,t8,8,10,1,3762,1,2020-08-21T12:14:08Z
40431,1,1,36999,nonbinary,test,24.1,t6,6,1,1,2936,1,2020-08-21T12:21:07Z
40431,1,1,36999,nonbinary,test,24.1,t7,7,2,1,957,1,2020-08-21T12:21:07Z
40431,1,1,36999,nonbinary,test,24.1,t4,4,3,1,2386,2,2020-08-21T12:21:10Z
40431,1,1,36999,nonbinary,test,24.1,t1,1,4,1,877,2,2020-08-21T12:21:11Z
40431,1,1,36999,nonbinary,test,24.1,t8,8,5,1,1516,2,2020-08-21T12:21:12Z
40431,1,1,36999,nonbinary,test,24.1,t5,5,6,1,1104,2,2020-08-21T12:21:13Z
40431,1,1,36999,nonbinary,test,24.1,t10,10,7,1,1184,2,2020-08-21T12:21:14Z
40431,1,1,36999,nonbinary,test,24.1,t9,9,8,1,1208,2,2020-08-21T12:21:16Z
40431,1,1,36999,nonbinary,test,24.1,t3,3,9,1,1202,1,2020-08-21T12:21:17Z
40431,1,1,36999,nonbinary,test,24.1,t2,2,10,1,1548,1,2020-08-21T12:21:18Z
40439,1,1,37005,female,guest,23,t8,8,1,1,4982,2,2020-08-21T16:30:50Z
40439,1,1,37005,female,guest,23,t10,10,2,1,2199,1,2020-08-21T16:30:52Z
40439,1,1,37005,female,guest,23,t9,9,3,1,919,2,2020-08-21T16:30:53Z
40439,1,1,37005,female,guest,23,t6,6,4,1,877,1,2020-08-21T16:30:54Z
40439,1,1,37005,female,guest,23,t4,4,5,1,1078,1,2020-08-21T16:30:55Z
40439,1,1,37005,female,guest,23,t1,1,6,1,1045,2,2020-08-21T16:30:56Z
40439,1,1,37005,female,guest,23,t3,3,7,1,3201,2,2020-08-21T16:30:59Z
40439,1,1,37005,female,guest,23,t5,5,8,1,857,1,2020-08-21T16:31:00Z
40439,1,1,37005,female,guest,23,t7,7,9,1,1381,1,2020-08-21T16:31:02Z
40439,1,1,37005,female,guest,23,t2,2,10,1,1145,1,2020-08-21T16:31:03Z
40448,1,1,37008,nonbinary,test,NA,t4,4,1,1,2406,2,2020-08-21T18:04:10Z
40448,1,1,37008,nonbinary,test,NA,t10,10,2,1,945,1,2020-08-21T18:04:11Z
40448,1,1,37008,nonbinary,test,NA,t6,6,3,1,2400,1,2020-08-21T18:04:13Z
40448,1,1,37008,nonbinary,test,NA,t1,1,4,1,1084,2,2020-08-21T18:04:14Z
40448,1,1,37008,nonbinary,test,NA,t5,5,5,1,768,1,2020-08-21T18:04:15Z
40448,1,1,37008,nonbinary,test,NA,t3,3,6,1,710,1,2020-08-21T18:04:16Z
40448,1,1,37008,nonbinary,test,NA,t7,7,7,1,3320,1,2020-08-21T18:04:19Z
40448,1,1,37008,nonbinary,test,NA,t2,2,8,1,811,2,2020-08-21T18:04:20Z
40448,1,1,37008,nonbinary,test,NA,t9,9,9,1,1052,1,2020-08-21T18:04:21Z
40448,1,1,37008,nonbinary,test,NA,t8,8,10,1,744,2,2020-08-21T18:04:22Z
40452,1,1,37012,female,guest,48,t7,7,1,1,12375,1,2020-08-21T20:52:06Z
40452,1,1,37012,female,guest,48,t3,3,2,1,12008,1,2020-08-21T20:52:18Z
40452,1,1,37012,female,guest,48,t10,10,3,1,2308,1,2020-08-21T20:52:20Z
40452,1,1,37012,female,guest,48,t4,4,4,1,1804,2,2020-08-21T20:52:21Z
40452,1,1,37012,female,guest,48,t8,8,5,1,2693,1,2020-08-21T20:52:24Z
40452,1,1,37012,female,guest,48,t1,1,6,1,1389,2,2020-08-21T20:52:26Z
40452,1,1,37012,female,guest,48,t2,2,7,1,1810,2,2020-08-21T20:52:27Z
40452,1,1,37012,female,guest,48,t6,6,8,1,1309,1,2020-08-21T20:52:29Z
40452,1,1,37012,female,guest,48,t5,5,9,1,1235,1,2020-08-21T20:52:30Z
40452,1,1,37012,female,guest,48,t9,9,10,1,1371,1,2020-08-21T20:52:31Z
40474,1,1,37033,male,guest,65,t9,9,1,1,2875,2,2020-08-24T21:31:00Z
40474,1,1,37033,male,guest,65,t6,6,2,1,3429,1,2020-08-24T21:31:04Z
40474,1,1,37033,male,guest,65,t10,10,3,1,2124,1,2020-08-24T21:31:06Z
40474,1,1,37033,male,guest,65,t7,7,4,1,4616,1,2020-08-24T21:31:10Z
40474,1,1,37033,male,guest,65,t4,4,5,0,9877,1,2020-08-24T21:31:20Z
40474,1,1,37033,male,guest,65,t5,5,6,1,5759,2,2020-08-24T21:31:26Z
40474,1,1,37033,male,guest,65,t2,2,7,1,6652,2,2020-08-24T21:31:33Z
40474,1,1,37033,male,guest,65,t8,8,8,1,1701,2,2020-08-24T21:31:34Z
40474,1,1,37033,male,guest,65,t1,1,9,0,1765,1,2020-08-24T21:31:36Z
40474,1,1,37033,male,guest,65,t3,3,10,0,670,1,2020-08-24T21:31:37Z
40498,1,1,37048,female,guest,21,t8,8,1,1,18952,2,2020-08-27T22:53:09Z
40498,1,1,37048,female,guest,21,t10,10,2,1,10034,1,2020-08-27T22:53:19Z
40498,1,1,37048,female,guest,21,t3,3,3,1,2706,2,2020-08-27T22:53:22Z
40498,1,1,37048,female,guest,21,t4,4,4,1,9929,2,2020-08-27T22:53:32Z
40498,1,1,37048,female,guest,21,t9,9,5,1,1201,1,2020-08-27T22:53:33Z
40498,1,1,37048,female,guest,21,t6,6,6,1,1094,2,2020-08-27T22:53:34Z
40498,1,1,37048,female,guest,21,t5,5,7,1,1183,1,2020-08-27T22:53:35Z
40498,1,1,37048,female,guest,21,t1,1,8,1,1299,2,2020-08-27T22:53:36Z
40498,1,1,37048,female,guest,21,t7,7,9,1,4670,2,2020-08-27T22:53:41Z
40498,1,1,37048,female,guest,21,t2,2,10,1,1089,1,2020-08-27T22:53:42Z
40515,1,1,37062,female,registered,54.2,t6,6,1,1,9556,1,2020-08-31T10:13:18Z
40515,1,1,37062,female,registered,54.2,t4,4,2,1,3528,2,2020-08-31T10:13:21Z
40515,1,1,37062,female,registered,54.2,t1,1,3,1,3392,1,2020-08-31T10:13:25Z
40515,1,1,37062,female,registered,54.2,t8,8,4,1,4430,2,2020-08-31T10:13:29Z
40515,1,1,37062,female,registered,54.2,t10,10,5,1,1278,2,2020-08-31T10:13:30Z
40515,1,1,37062,female,registered,54.2,t9,9,6,1,1464,1,2020-08-31T10:13:32Z
40515,1,1,37062,female,registered,54.2,t7,7,7,1,5908,2,2020-08-31T10:13:38Z
40515,1,1,37062,female,registered,54.2,t3,3,8,1,1147,1,2020-08-31T10:13:39Z
40515,1,1,37062,female,registered,54.2,t2,2,9,1,3590,1,2020-08-31T10:13:43Z
40515,1,1,37062,female,registered,54.2,t5,5,10,1,1326,2,2020-08-31T10:13:44Z
