{
    "@context": "https://schema.org/",
    "@type": "Dataset",
    "name": "Experimentum Project Questionnaires",
    "schemaVersion": "Psych-DS 0.1.0",
    "author": "Lisa DeBruine",
    "description": "Data from a demo questionnaire on Experimentum <https://debruine.github.io/experimentum/>. Subjects are asked questions about dogs to test the different questionnaire response types.  Questions   * current: \tDo you own a dog? (yes/no)   * past: Have you ever owned a dog? (yes/no)   * name: What is the best name for a dog? (free short text)   * good: How good are dogs? (1=pretty good:7=very good)   * country: What country do borzois come from?   * good_borzoi: How good are borzois? (0=pretty good:100=very good)   * text: Write some text about dogs. (free long text)   * time: What time is it? (time)",
    "license": "CC-BY 4.0",
    "variableMeasured": [
        {
            "@type": "PropertyValue",
            "name": "session_id",
            "description": "The unique session ID assigned each time a user starts a project",
            "dataType": "int"
        },
        {
            "@type": "PropertyValue",
            "name": "project_id",
            "description": "The unique ID for the project (a collection of questionnaires and/or experiments",
            "dataType": "int"
        },
        {
            "@type": "PropertyValue",
            "name": "quest_id",
            "description": "The unique ID for the questionnaire",
            "dataType": "int"
        },
        {
            "@type": "PropertyValue",
            "name": "user_id",
            "description": "The unique ID for the user (subject/participant)",
            "dataType": "int"
        },
        {
            "@type": "PropertyValue",
            "name": "user_sex",
            "description": "The user's sex/gender (male, female, nonbinary, na)",
            "dataType": "string"
        },
        {
            "@type": "PropertyValue",
            "name": "user_status",
            "description": "The user's status (test, guest, registered, student,res, super, admin)",
            "dataType": "string"
        },
        {
            "@type": "PropertyValue",
            "name": "user_age",
            "description": "The user's age in years; calculated from birthdate",
            "dataType": "float"
        },
        {
            "@type": "PropertyValue",
            "name": "q_name",
            "description": "The name of the question",
            "dataType": "string"
        },
        {
            "@type": "PropertyValue",
            "name": "q_id",
            "description": "The unique ID of the question in the questionnaire",
            "dataType": "int"
        },
        {
            "@type": "PropertyValue",
            "name": "order",
            "description": "The order the trial was shown in (for experiments with randomised order)",
            "dataType": "int"
        },
        {
            "@type": "PropertyValue",
            "name": "dv",
            "description": "The response",
            "dataType": "string"
        },
        {
            "@type": "PropertyValue",
            "name": "starttime",
            "description": "The timestamp of the questionnaire start",
            "dataType": "double"
        },
        {
            "@type": "PropertyValue",
            "name": "endtime",
            "description": "The timestamp of the questionnaire submission",
            "dataType": "double"
        }
    ]
}
