{
    "@context": "https://schema.org/",
    "@type": "Dataset",
    "name": "Maternal Mortality",
    "schemaVersion": "Psych-DS 0.1.0",
    "author": "Lisa DeBruine",
    "description": "Maternal mortality by country and year from the World Health Organisation.",
    "license": "CC-BY 4.0",
    "variableMeasured": [
        {
            "@type": "PropertyValue",
            "name": "Country",
            "description": "Country",
            "dataType": "string"
        },
        {
            "@type": "PropertyValue",
            "name": "1990",
            "description": "1990",
            "dataType": "string"
        },
        {
            "@type": "PropertyValue",
            "name": "2000",
            "description": "2000",
            "dataType": "string"
        },
        {
            "@type": "PropertyValue",
            "name": "2015",
            "description": "2015",
            "dataType": "string"
        }
    ]
}
