{
    "@context": "https://schema.org/",
    "@type": "Dataset",
    "name": "User Demographics 2",
    "schemaVersion": "Psych-DS 0.1.0",
    "author": "Lisa DeBruine",
    "description": "A dataset with unique participant ID, birth year, and sex. To be used in conjunction with data from [disgust], [disgust_scores], [personality], [personality_scores], and [user].",
    "license": "CC-BY 4.0",
    "variableMeasured": [
        {
            "@type": "PropertyValue",
            "name": "user_id",
            "description": "Each participant's unique ID",
            "dataType": "int"
        },
        {
            "@type": "PropertyValue",
            "name": "birthyear",
            "description": "The participant's year of birth",
            "dataType": "float"
        },
        {
            "@type": "PropertyValue",
            "name": "sex",
            "description": "The participant's sex",
            "dataType": "string"
        }
    ]
}
